{"type":"FeatureCollection","features":[{"type":"Feature","properties":{"id":"28188","fna":"Camino Provincial T027-10","gna":"Camino Provincial","rtn":"T027-10","fun":"6","rst":"No pavimentado","hct":"Camino Terciario","ccn":"C.C. 027 - LEONES","ccc":"CC027","rcc":"19","lzn":0.488,"red":"Terciaria"},"geometry":{"type":"LineString","coordinates":[[-62.3935173175893,-32.5330747387079],[-62.3884306995834,-32.533965270283]]}},{"type":"Feature","properties":{"id":"27371","fna":"Camino Provincial T132-14","gna":"Camino Provincial","rtn":"T132-14","fun":"6","rst":"No pavimentado","hct":"Camino Terciario","ccn":"C.C. 132 - NOETINGER","ccc":"CC132","rcc":"19","lzn":3.454,"red":"Terciaria"},"geometry":{"type":"LineString","coordinates":[[-62.3907428392667,-32.4381257656669],[-62.3547784118955,-32.4444451685629]]}},{"type":"Feature","properties":{"id":"7620","fna":"Ruta Provincial 3","gna":"Ruta Provincial","rtn":"RP3","fun":"6","rst":"Pavimento","hct":"Provincial Primaria","ccn":"No aplica","ccc":"No aplica","lzn":6.047,"red":"Primaria"},"geometry":{"type":"LineString","coordinates":[[-62.68619241945,-32.4138099040805],[-62.6862330732424,-32.4139740895319],[-62.6868955106074,-32.4166527461554],[-62.6870757734658,-32.4173674235795],[-62.6871423522219,-32.41763852963],[-62.6871980406769,-32.4179234167201],[-62.6872470149351,-32.4181441878763]]}},{"type":"Feature","properties":{"id":"16572","fna":"Camino Provincial T269-08","gna":"Camino Provincial","rtn":"T269-08","fun":"6","rst":"No pavimentado","hct":"Camino Terciario","ccn":"C.C. 269 - SAN MARCOS SUD","ccc":"CC269","rcc":"19","lzn":2.513,"red":"Terciaria"},"geometry":{"type":"LineString","coordinates":[[-62.4564086676722,-32.6846922130931],[-62.4565659155,-32.6846790716449],[-62.4570344011,-32.6846035295448],[-62.4803374779,-32.6804484838386],[-62.481078898,-32.6803191093384],[-62.481448483,-32.6802543768383],[-62.4817373589,-32.6802011516382],[-62.4819992081,-32.6801480004381],[-62.482175218,-32.6801214251381],[-62.4822880206,-32.6801631280382],[-62.4823512059999,-32.6801972624382],[-62.4823602464,-32.6802921495384],[-62.4823970530277,-32.6804042172308]]}},{"type":"Feature","properties":{"id":"52628","fna":"Camino Provincial T391-08","gna":"Camino Provincial","rtn":"T391-08","fun":"6","rst":"No pavimentado","hct":"Camino Terciario","ccn":"C.C. 391 - COLONIA GENERAL BUSTOS","ccc":"CC391","rcc":"11","lzn":1.957,"red":"Terciaria"},"geometry":{"type":"LineString","coordinates":[[-62.592230456153,-32.5647976761907],[-62.5928882658,-32.5674541059688],[-62.5965256081,-32.5820663111909]]}},{"type":"Feature","properties":{"id":"10164","fna":"Camino Provincial T391-09","gna":"Camino Provincial","rtn":"T391-09","fun":"6","rst":"No pavimentado","hct":"Camino Terciario","ccn":"C.C. 391 - COLONIA GENERAL BUSTOS","ccc":"CC391","rcc":"11","lzn":1.902,"red":"Terciaria"},"geometry":{"type":"LineString","coordinates":[[-62.5240664441562,-32.5764693671455],[-62.5226007393,-32.5767305934828],[-62.5212870647999,-32.5769618572832],[-62.5162509331,-32.5778632187845],[-62.5162456931,-32.5778631797845],[-62.5122859571,-32.5785643080856],[-62.5066854420999,-32.5795821164871],[-62.5042405612,-32.5799968093878]]}},{"type":"Feature","properties":{"id":"10812","fna":"Acceso A581","gna":"Acceso","rtn":"A581","fun":"6","rst":"Pavimento","hct":"Provincial Secundaria","ccn":"No aplica","ccc":"No aplica","lzn":0.091,"red":"Secundaria"},"geometry":{"type":"LineString","coordinates":[[-62.6804934575555,-32.5799080557254],[-62.6804531200785,-32.5797374597333],[-62.680380608234,-32.5794601358843],[-62.6803511899246,-32.5793160564271],[-62.6803217060495,-32.5791007460274]]}},{"type":"Feature","properties":{"id":"10989","fna":"Camino Provincial T065-09","gna":"Camino Provincial","rtn":"T065-09","fun":"6","rst":"No pavimentado","hct":"Camino Terciario","ccn":"C.C. 065 - CINTRA","ccc":"CC065","rcc":"11","lzn":4.019,"red":"Terciaria"},"geometry":{"type":"LineString","coordinates":[[-62.7290267108879,-32.4105838443499],[-62.7288651779999,-32.410661618632],[-62.728761696,-32.4106837043321],[-62.7273190455,-32.4109333212324],[-62.7182745293,-32.4125422749349],[-62.7107889077,-32.4138811416369],[-62.6999755777,-32.4158004404398],[-62.6925396981,-32.4171716358419],[-62.6872470149351,-32.4181441878763]]}},{"type":"Feature","properties":{"id":"11612","fna":"Camino Provincial T065-26","gna":"Camino Provincial","rtn":"T065-26","fun":"6","rst":"No pavimentado","hct":"Camino Terciario","ccn":"C.C. 065 - CINTRA","ccc":"CC065","rcc":"11","lzn":2.428,"red":"Terciaria"},"geometry":{"type":"LineString","coordinates":[[-62.6475741697045,-32.4395093455651],[-62.6473122458999,-32.4384850833741],[-62.646528512,-32.4353825139695],[-62.6456745664,-32.4320941629644],[-62.6450300486999,-32.4296505677608],[-62.6445041614,-32.4275959037577],[-62.6444897388,-32.4275614877576],[-62.6444530494,-32.4275362637576],[-62.6444126002,-32.4275172498575],[-62.6443572739999,-32.4275074825575],[-62.6442759212,-32.4275131173575],[-62.6442092831,-32.4275250991576],[-62.6395617366,-32.4284089039589],[-62.634796498,-32.4292987881602],[-62.6333750683734,-32.4295662436059]]}},{"type":"Feature","properties":{"id":"11626","fna":"Camino Provincial T135-07","gna":"Camino Provincial","rtn":"T135-07","fun":"6","rst":"No pavimentado","hct":"Camino Terciario","ccn":"C.C. 135 - BELL VILLE","ccc":"CC135","rcc":"11","lzn":11.072,"red":"Terciaria"},"geometry":{"type":"LineString","coordinates":[[-62.6475741697045,-32.4395093455651],[-62.6478463254,-32.4404849994772],[-62.6485634759,-32.4431676175813],[-62.6493901534,-32.4461924100858],[-62.6513141211,-32.4532384260965],[-62.652760351,-32.4585919899046],[-62.6542395504,-32.4640369057128],[-62.6555816425,-32.4689397034202],[-62.6567536979,-32.4732561760267],[-62.6580743782,-32.4781429861341],[-62.6593678017,-32.4828847103413],[-62.660966798,-32.48863771975],[-62.6611103321,-32.4891822703508],[-62.6625762458,-32.494586436159],[-62.6642836219,-32.5008977161685],[-62.6661839494,-32.5078978902791],[-62.6680554975,-32.5147774528894],[-62.6696631317,-32.5206911288984],[-62.6698599245,-32.5213262237993],[-62.6698684026,-32.5214035699994],[-62.6698484646,-32.5214684925995],[-62.6698099826,-32.5215008843996],[-62.6697383359,-32.5215291921997],[-62.6695528446,-32.5215494066997],[-62.6664587496,-32.5219020366002],[-62.6663705086,-32.5219377480003],[-62.6662968246,-32.5219813104004],[-62.6662566352,-32.5220366192004],[-62.6662445409,-32.5220878462005],[-62.6662619526,-32.5221742531006],[-62.6663404691,-32.5225240993012],[-62.6677090458,-32.5280480166095],[-62.668636387,-32.5318113308152],[-62.6692698557049,-32.5343582432992]]}},{"type":"Feature","properties":{"id":"27373","fna":"Camino Provincial T132-13","gna":"Camino Provincial","rtn":"T132-13","fun":"6","rst":"No pavimentado","hct":"Camino Terciario","ccn":"C.C. 132 - NOETINGER","ccc":"CC132","rcc":"19","lzn":2.627,"red":"Terciaria"},"geometry":{"type":"LineString","coordinates":[[-62.3906418509535,-32.4377099586376],[-62.3907428392667,-32.4381257656669]]}},{"type":"Feature","properties":{"id":"27554","fna":"Camino Provincial T132-02","gna":"Camino Provincial","rtn":"T132-02","fun":"6","rst":"No pavimentado","hct":"Camino Terciario","ccn":"C.C. 132 - NOETINGER","ccc":"CC132","rcc":"19","lzn":5.887,"red":"Terciaria"},"geometry":{"type":"LineString","coordinates":[[-62.2953749110954,-32.4240900164879],[-62.2946717082673,-32.4242121392472]]}},{"type":"Feature","properties":{"id":"28040","fna":"Camino Provincial T027-10","gna":"Camino Provincial","rtn":"T027-10","fun":"6","rst":"No pavimentado","hct":"Camino Terciario","ccn":"C.C. 027 - LEONES","ccc":"CC027","rcc":"19","lzn":3.066,"red":"Terciaria"},"geometry":{"type":"LineString","coordinates":[[-62.3616557657885,-32.5386491553474],[-62.3296854468157,-32.5442337650514]]}},{"type":"Feature","properties":{"id":"30634","fna":"Camino Provincial T391-12","gna":"Camino Provincial","rtn":"T391-12","fun":"6","rst":"No pavimentado","hct":"Camino Terciario","ccn":"C.C. 391 - COLONIA GENERAL BUSTOS","ccc":"CC391","rcc":"11","lzn":4.141,"red":"Terciaria"},"geometry":{"type":"LineString","coordinates":[[-62.5428786279717,-32.5127414896168],[-62.5430936429,-32.5127136997864],[-62.5507654157,-32.511205082184],[-62.5553660523,-32.5102917397827],[-62.5561946886999,-32.5101251690824],[-62.5562585520999,-32.5101353608825],[-62.5562992039,-32.5101405094824],[-62.556339647,-32.5101701699825],[-62.5563741932,-32.5102095999826],[-62.5564086144,-32.5102637370827],[-62.5564593491,-32.5104503436829],[-62.5579621192,-32.5158885368911],[-62.5609629511,-32.5266778107074],[-62.5633011901336,-32.5350946028932]]}},{"type":"Feature","properties":{"id":"30565","fna":"Camino Provincial T391-05","gna":"Camino Provincial","rtn":"T391-05","fun":"6","rst":"No pavimentado","hct":"Camino Terciario","ccn":"C.C. 391 - COLONIA GENERAL BUSTOS","ccc":"CC391","rcc":"11","lzn":4.924,"red":"Terciaria"},"geometry":{"type":"LineString","coordinates":[[-62.5354842767918,-32.528901362924],[-62.5355784524,-32.5291126911111],[-62.5356777422,-32.5294287989116],[-62.5362762837999,-32.5317843535151],[-62.5372356029,-32.535683460921],[-62.5382937542,-32.5399533428274],[-62.5395934022,-32.5451848596353],[-62.5409532535,-32.5505447710434],[-62.5409600583,-32.5505448130434],[-62.5414059788,-32.5524831879463],[-62.5414383104,-32.5526784172466],[-62.5414636879,-32.5528908123469],[-62.5415095307,-32.5530975976472],[-62.541582594,-32.5533045510476],[-62.5418258756,-32.554286945949],[-62.5428390444999,-32.5583154937551],[-62.5444291869,-32.5645558071645],[-62.5462461079,-32.5715949868751],[-62.5464237331,-32.572221265676],[-62.5464597775864,-32.5723076056406]]}},{"type":"Feature","properties":{"id":"30572","fna":"Camino Provincial T391-11","gna":"Camino Provincial","rtn":"T391-11","fun":"6","rst":"No pavimentado","hct":"Camino Terciario","ccn":"C.C. 391 - COLONIA GENERAL BUSTOS","ccc":"CC391","rcc":"11","lzn":2.715,"red":"Terciaria"},"geometry":{"type":"LineString","coordinates":[[-62.5633011901336,-32.5350946028932],[-62.5606265189,-32.5346529076195],[-62.5561174479,-32.5339112334183],[-62.5503701756,-32.5329496844169],[-62.5458545665,-32.5321947115157],[-62.5434690117999,-32.5317958769151],[-62.5433125595,-32.5317638230151],[-62.5431009953,-32.531708111315],[-62.5408804429,-32.5308927048138],[-62.5366922416,-32.5293583506115],[-62.5354842767918,-32.528901362924]]}},{"type":"Feature","properties":{"id":"56","fna":"Colectora Ruta Nacional 9","gna":"Colectora Ruta Nacional","rtn":"CRN9","fun":"-1","rst":"No pavimentado","hct":"Ruta Nacional","ccn":"No disponible","ccc":"No disponible","rcc":"19","lzn":2.593,"red":"Terciaria"},"geometry":{"type":"LineString","coordinates":[[-62.4084402638781,-32.608831117737],[-62.4088763,-32.608749530431],[-62.4092056922,-32.6086104199308]]}},{"type":"Feature","properties":{"id":"57","fna":"Colectora Ruta Nacional 9","gna":"Colectora Ruta Nacional","rtn":"CRN9","fun":"-1","rst":"No pavimentado","hct":"Ruta Nacional","ccn":"No disponible","ccc":"No disponible","rcc":"19","lzn":2.612,"red":"Terciaria"},"geometry":{"type":"LineString","coordinates":[[-62.4092056922,-32.6086104199308],[-62.4091812116853,-32.6087107105404],[-62.4093805999999,-32.6087023304309],[-62.4097262,-32.6086119304308],[-62.4241282,-32.6059166304267],[-62.4312092999999,-32.6046057304248],[-62.4361876961526,-32.6034987616763]]}},{"type":"Feature","properties":{"id":"58","fna":"Colectora Ruta Nacional 9","gna":"Colectora Ruta Nacional","rtn":"CRN9","fun":"-1","rst":"No pavimentado","hct":"Ruta Nacional","ccn":"No disponible","ccc":"No disponible","rcc":"19","lzn":2.44,"red":"Terciaria"},"geometry":{"type":"LineString","coordinates":[[-62.5004037559999,-32.5929686884073],[-62.4974903999999,-32.5931211304075],[-62.4936471,-32.5937658304085],[-62.4887102,-32.5947195304099],[-62.48537,-32.5953289304108],[-62.4834588,-32.5956997304114],[-62.4801081,-32.5963326304123],[-62.4774868,-32.5968304304131],[-62.4770269,-32.5969198304132],[-62.4766699999999,-32.5970173304134],[-62.4763163,-32.5971825304136],[-62.4760783,-32.5973613304139],[-62.4759094,-32.5975504304142],[-62.4754126486,-32.5980230713149]]}},{"type":"Feature","properties":{"id":"101","fna":"Colectora Ruta Nacional 9","gna":"Colectora Ruta Nacional","rtn":"CRN9","fun":"-1","rst":"No pavimentado","hct":"Ruta Nacional","ccn":"No disponible","ccc":"No disponible","rcc":"11","lzn":2.552,"red":"Terciaria"},"geometry":{"type":"LineString","coordinates":[[-62.5001725855,-32.5919717510058],[-62.5024913999999,-32.5917198304054],[-62.5056241,-32.5913284304048],[-62.5092114,-32.590812230404],[-62.5164452,-32.589488330402],[-62.5203142,-32.5887520304009],[-62.5220786,-32.5884546304005],[-62.523425,-32.5881712304],[-62.5252322,-32.5877908303995],[-62.526814183,-32.587475189599]]}},{"type":"Feature","properties":{"id":"102","fna":"Colectora Ruta Nacional 9","gna":"Colectora Ruta Nacional","rtn":"CRN9","fun":"-1","rst":"No pavimentado","hct":"Ruta Nacional","ccn":"No disponible","ccc":"No disponible","rcc":"11","lzn":2.553,"red":"Terciaria"},"geometry":{"type":"LineString","coordinates":[[-62.5270871657999,-32.5885570262006],[-62.5233361,-32.5891195304015],[-62.5204431,-32.5895905304021],[-62.511451,-32.5912047304046],[-62.5075771,-32.5918250304055],[-62.5004037559999,-32.5929686884073]]}},{"type":"Feature","properties":{"id":"103","fna":"Colectora Ruta Nacional 9","gna":"Colectora Ruta Nacional","rtn":"CRN9","fun":"-1","rst":"No pavimentado","hct":"Ruta Nacional","ccn":"No disponible","ccc":"No disponible","rcc":"11","lzn":2.631,"red":"Terciaria"},"geometry":{"type":"LineString","coordinates":[[-62.526814183,-32.587475189599],[-62.5309846,-32.5868426303981],[-62.5395028,-32.5853059303957],[-62.5542426703541,-32.5826241219743]]}},{"type":"Feature","properties":{"id":"104","fna":"Colectora Ruta Nacional 9","gna":"Colectora Ruta Nacional","rtn":"CRN9","fun":"-1","rst":"No pavimentado","hct":"Ruta Nacional","ccn":"No disponible","ccc":"No disponible","rcc":"11","lzn":2.416,"red":"Terciaria"},"geometry":{"type":"LineString","coordinates":[[-62.5542426703541,-32.5826241219743],[-62.5610883,-32.5813374303898],[-62.578474,-32.578190130385],[-62.5794037641,-32.5780727961848]]}},{"type":"Feature","properties":{"id":"105","fna":"Colectora Ruta Nacional 9","gna":"Colectora Ruta Nacional","rtn":"CRN9","fun":"-1","rst":"No pavimentado","hct":"Ruta Nacional","ccn":"No disponible","ccc":"No disponible","rcc":"11","lzn":2.632,"red":"Terciaria"},"geometry":{"type":"LineString","coordinates":[[-62.5544749344557,-32.5835259820681],[-62.5474221,-32.5847546303949],[-62.540628,-32.5859787303967],[-62.5329514,-32.5873532303988],[-62.5301702,-32.5878831303996],[-62.5270871657999,-32.5885570262006]]}},{"type":"Feature","properties":{"id":"106","fna":"Colectora Ruta Nacional 9","gna":"Colectora Ruta Nacional","rtn":"CRN9","fun":"-1","rst":"No pavimentado","hct":"Ruta Nacional","ccn":"No disponible","ccc":"No disponible","rcc":"11","lzn":1.294,"red":"Terciaria"},"geometry":{"type":"LineString","coordinates":[[-62.5679666461073,-32.5811357600385],[-62.5598417,-32.5825215303915],[-62.5544749344557,-32.5835259820681]]}},{"type":"Feature","properties":{"id":"107","fna":"Colectora Ruta Nacional 9","gna":"Colectora Ruta Nacional","rtn":"CRN9","fun":"-1","rst":"No pavimentado","hct":"Ruta Nacional","ccn":"No disponible","ccc":"No disponible","rcc":"11","lzn":2.308,"red":"Terciaria"},"geometry":{"type":"LineString","coordinates":[[-62.6116002869,-32.5855438734961],[-62.6171073,-32.584132130394],[-62.622587,-32.5827010303918],[-62.6254897,-32.582162230391],[-62.6353853438998,-32.5803777733696]]}},{"type":"Feature","properties":{"id":"108","fna":"Colectora Ruta Nacional 9","gna":"Colectora Ruta Nacional","rtn":"CRN9","fun":"-1","rst":"No pavimentado","hct":"Ruta Nacional","ccn":"No disponible","ccc":"No disponible","rcc":"11","lzn":2.862,"red":"Terciaria"},"geometry":{"type":"LineString","coordinates":[[-62.6642374647754,-32.5717606579155],[-62.6640811,-32.5717909303754],[-62.6538079,-32.5745135303795],[-62.6396089,-32.5782339303851],[-62.6351606797464,-32.5794941214219]]}},{"type":"Feature","properties":{"id":"125","fna":"Colectora Ruta Nacional 9","gna":"Colectora Ruta Nacional","rtn":"CRN9","fun":"-1","rst":"No pavimentado","hct":"Ruta Nacional","ccn":"No disponible","ccc":"No disponible","rcc":"11","lzn":1.744,"red":"Terciaria"},"geometry":{"type":"LineString","coordinates":[[-62.6926862872,-32.5784905131855],[-62.6889633,-32.5765008303825],[-62.6888767,-32.5764210303824],[-62.6887959,-32.5763022303822],[-62.6887409,-32.576197030382],[-62.6886856,-32.5760569303818],[-62.688558,-32.5752941303807],[-62.6884954,-32.5751150303804],[-62.688367,-32.5749378303801],[-62.6882582,-32.57482953038],[-62.6881412,-32.5747486303798],[-62.6880239,-32.5746782303798],[-62.6878579,-32.5746180303796],[-62.6877167,-32.5745975303796],[-62.6875837,-32.5745907303796],[-62.6874365,-32.5745996303796],[-62.6873218,-32.5746154303796],[-62.6871356,-32.5746627303797],[-62.6865036,-32.5749164303801],[-62.6863834,-32.5749483303801],[-62.6862654,-32.5749210303801],[-62.6861756,-32.5748909303801],[-62.6840738,-32.5736375303782],[-62.6815164,-32.5721068303759],[-62.6786446683686,-32.5704167389616],[-62.6785288582204,-32.5703407569147],[-62.678405992277,-32.570290312986],[-62.6782885725702,-32.5703401421213],[-62.6781764215,-32.5704337808733]]}},{"type":"Feature","properties":{"id":"185","fna":"Colectora Ruta Nacional 9","gna":"Colectora Ruta Nacional","rtn":"CRN9","fun":"-1","rst":"No pavimentado","hct":"Ruta Nacional","ccn":"No disponible","ccc":"No disponible","rcc":"11","lzn":1.321,"red":"Terciaria"},"geometry":{"type":"LineString","coordinates":[[-62.677907147,-32.571504119275],[-62.6765538,-32.5710490303743],[-62.6754373,-32.5707690303739],[-62.6744938,-32.5706017303736],[-62.6735983,-32.5704728303734],[-62.6723515,-32.5703965303733],[-62.6712487,-32.5703751303733],[-62.6699645,-32.5704675303734],[-62.6687775,-32.5706733303737],[-62.6678684,-32.570851330374],[-62.6642374647754,-32.5717606579155]]}},{"type":"Feature","properties":{"id":"209","fna":"Colectora Ruta Nacional 9","gna":"Colectora Ruta Nacional","rtn":"CRN9","fun":"-1","rst":"No pavimentado","hct":"Ruta Nacional","ccn":"No disponible","ccc":"No disponible","rcc":"19","lzn":2.44,"red":"Terciaria"},"geometry":{"type":"LineString","coordinates":[[-62.4747810895999,-32.5955465118111],[-62.4754076999999,-32.5957846304115],[-62.4758335,-32.5959419304117],[-62.476246,-32.5960052304118],[-62.4765413,-32.5960168304118],[-62.4771716,-32.5959455304117],[-62.482964,-32.59481703041],[-62.4908797,-32.5933350304078],[-62.4959196999999,-32.5924441304065],[-62.5001725855,-32.5919717510058]]}},{"type":"Feature","properties":{"id":"213","fna":"Colectora Ruta Nacional 9","gna":"Colectora Ruta Nacional","rtn":"CRN9","fun":"-1","rst":"No pavimentado","hct":"Ruta Nacional","ccn":"No disponible","ccc":"No disponible","rcc":"11","lzn":2.223,"red":"Terciaria"},"geometry":{"type":"LineString","coordinates":[[-62.5831008960999,-32.5791147075864],[-62.5844496,-32.5792437303866],[-62.5860307,-32.5794102303868],[-62.5873994,-32.5797808303874],[-62.5973884,-32.5833954303929],[-62.6014756,-32.5848767303951],[-62.6030098,-32.5853243303958],[-62.6052917807,-32.5858077526965]]}},{"type":"Feature","properties":{"id":"261","fna":"Colectora Ruta Nacional 9","gna":"Colectora Ruta Nacional","rtn":"CRN9","fun":"-1","rst":"No pavimentado","hct":"Ruta Nacional","ccn":"No disponible","ccc":"No disponible","rcc":"11","lzn":1.119,"red":"Terciaria"},"geometry":{"type":"LineString","coordinates":[[-62.5796341665,-32.5791598698865],[-62.578562,-32.5792431303866],[-62.5774303999999,-32.5793138303867],[-62.5760074,-32.5795637303871],[-62.5747326,-32.5797802303874],[-62.570187213219,-32.5806743589514],[-62.5679666461073,-32.5811357600385]]}},{"type":"Feature","properties":{"id":"600","fna":"Camino Provincial T065-26","gna":"Camino Provincial","rtn":"T065-26","fun":"6","rst":"No pavimentado","hct":"Camino Terciario","ccn":"C.C. 065 - CINTRA","ccc":"CC065","rcc":"11","lzn":1.027,"red":"Terciaria"},"geometry":{"type":"LineString","coordinates":[[-62.6583605456178,-32.4380767745511],[-62.6562440342,-32.438363794574],[-62.6526484553999,-32.4388466517747],[-62.6475741697045,-32.4395093455651]]}},{"type":"Feature","properties":{"id":"1449","fna":"Camino Provincial S331","gna":"Camino Provincial","rtn":"S331","fun":"6","rst":"Pavimento","hct":"Provincial Secundaria","ccn":"No aplica","ccc":"No aplica","lzn":2.417,"red":"Secundaria"},"geometry":{"type":"LineString","coordinates":[[-62.47422942,-32.5990413307164],[-62.4748346842705,-32.6014146300346],[-62.475279822751,-32.603243277697],[-62.4754882914,-32.6040423348239],[-62.4760714675,-32.6063904155274],[-62.4768342559,-32.6094754884321],[-62.4775874680999,-32.6124980802366],[-62.4784369783,-32.6159288212418],[-62.479090014592,-32.6185548091164],[-62.4796035516,-32.6203541093484]]}},{"type":"Feature","properties":{"id":"1636","fna":"Acceso A581","gna":"Acceso","rtn":"A581","fun":"6","rst":"Pavimento","hct":"Provincial Secundaria","ccn":"No aplica","ccc":"No aplica","lzn":0.041,"red":"Secundaria"},"geometry":{"type":"LineString","coordinates":[[-62.6804821551043,-32.5795363834178],[-62.6805803554307,-32.5798930745938]]}},{"type":"Feature","properties":{"id":"1847","fna":"Acceso A581","gna":"Acceso","rtn":"A581","fun":"6","rst":"Pavimento","hct":"Provincial Secundaria","ccn":"No aplica","ccc":"No aplica","lzn":0.315,"red":"Secundaria"},"geometry":{"type":"LineString","coordinates":[[-62.6843746595171,-32.5784458483195],[-62.6842739157021,-32.5785361667507],[-62.6841817935628,-32.5786168815869],[-62.6840136546206,-32.5787599466792],[-62.6838092385488,-32.5789191528754],[-62.6836483436765,-32.5790341311516],[-62.6834880522341,-32.5791356484385],[-62.6833517829117,-32.5792139235764],[-62.6831995785109,-32.5792946418729],[-62.6829979976324,-32.5793801285303],[-62.6828269077456,-32.5794523250422],[-62.6826355274639,-32.5795220809521],[-62.6824528509441,-32.5795783850475],[-62.682249293711,-32.5796290134699],[-62.6820520438945,-32.5796743462991],[-62.6818272471772,-32.5797209126606],[-62.6816517683714,-32.5797552276863],[-62.6815024004012,-32.5797846385436]]}},{"type":"Feature","properties":{"id":"1867","fna":"Acceso A581","gna":"Acceso","rtn":"A581","fun":"6","rst":"Pavimento","hct":"Provincial Secundaria","ccn":"No aplica","ccc":"No aplica","lzn":0.06,"red":"Secundaria"},"geometry":{"type":"LineString","coordinates":[[-62.681043943467,-32.5799127319669],[-62.6809786829532,-32.5799335502808],[-62.6809061825644,-32.5799641521141],[-62.6808452891702,-32.5799935241045],[-62.6807887755664,-32.5800424514344],[-62.6807496745218,-32.5800925886808],[-62.680719287691,-32.5801488290063],[-62.6807005418748,-32.5802307230474],[-62.6806948465754,-32.5803089349699]]}},{"type":"Feature","properties":{"id":"2195","fna":"Ruta Provincial E59","gna":"Ruta Provincial","rtn":"E59","fun":"6","rst":"Pavimento","hct":"Provincial Primaria","ccn":"No aplica","ccc":"No aplica","lzn":2.224,"red":"Primaria"},"geometry":{"type":"LineString","coordinates":[[-62.3189570740477,-32.5461058342477],[-62.3190927670808,-32.5466626899527]]}},{"type":"Feature","properties":{"id":"2235","fna":"Ruta Provincial E59","gna":"Ruta Provincial","rtn":"E59","fun":"6","rst":"Pavimento","hct":"Provincial Primaria","ccn":"No aplica","ccc":"No aplica","lzn":4.719,"red":"Primaria"},"geometry":{"type":"LineString","coordinates":[[-62.3088298072216,-32.5044302715207],[-62.308862627802,-32.5045657171544],[-62.3094489271739,-32.5069906272784],[-62.3100281769881,-32.5093894288493],[-62.3106484645791,-32.511953066039],[-62.3114838179132,-32.5153833917718],[-62.3122315093054,-32.5184423308427],[-62.3130620574345,-32.5218667824489],[-62.3137627212076,-32.5247467077764],[-62.3147521297907,-32.5288041252304],[-62.3157811800996,-32.5330288395021],[-62.3166921872752,-32.5367871923729],[-62.3175102753775,-32.5401495268716],[-62.3187091930328,-32.5450885499378],[-62.3189570740477,-32.5461058342477]]}},{"type":"Feature","properties":{"id":"2286","fna":"Acceso A581","gna":"Acceso","rtn":"A581","fun":"6","rst":"Pavimento","hct":"Provincial Secundaria","ccn":"No aplica","ccc":"No aplica","lzn":0.036,"red":"Secundaria"},"geometry":{"type":"LineString","coordinates":[[-62.6806089957299,-32.579997103666],[-62.6806948465754,-32.5803089349699]]}},{"type":"Feature","properties":{"id":"2377","fna":"Camino Provincial S331","gna":"Camino Provincial","rtn":"S331","fun":"6","rst":"No pavimentado","hct":"Provincial Secundaria","ccn":"C.C. 269 - SAN MARCOS SUD","ccc":"CC269","rcc":"19","lzn":2.031,"red":"Secundaria"},"geometry":{"type":"LineString","coordinates":[[-62.4365078138123,-32.5266343823211],[-62.4155594786,-32.5302529768128],[-62.4153241872751,-32.5302716277819]]}},{"type":"Feature","properties":{"id":"2843","fna":"Acceso A581","gna":"Acceso","rtn":"A581","fun":"6","rst":"Pavimento","hct":"Provincial Secundaria","ccn":"No aplica","ccc":"No aplica","lzn":0.012,"red":"Secundaria"},"geometry":{"type":"LineString","coordinates":[[-62.6805217129501,-32.5800140346865],[-62.6804934575555,-32.5799080557254]]}},{"type":"Feature","properties":{"id":"2844","fna":"Acceso A581","gna":"Acceso","rtn":"A581","fun":"6","rst":"Pavimento","hct":"Provincial Secundaria","ccn":"No aplica","ccc":"No aplica","lzn":0.085,"red":"Secundaria"},"geometry":{"type":"LineString","coordinates":[[-62.6807560953143,-32.5807486747324],[-62.680679908395,-32.5806073817978],[-62.6805217129501,-32.5800140346865]]}},{"type":"Feature","properties":{"id":"3315","fna":"Acceso A581","gna":"Acceso","rtn":"A581","fun":"6","rst":"Pavimento","hct":"Provincial Secundaria","ccn":"No aplica","ccc":"No aplica","lzn":0.066,"red":"Secundaria"},"geometry":{"type":"LineString","coordinates":[[-62.6804821551043,-32.5795363834178],[-62.680535372838,-32.5796334790309],[-62.6805714796448,-32.5796831908082],[-62.6806217891351,-32.5797319697651],[-62.6806633398448,-32.5797641755031],[-62.680738765458,-32.5797991238438],[-62.6808152703323,-32.5798193390459],[-62.6810259517228,-32.5798218728706]]}},{"type":"Feature","properties":{"id":"3739","fna":"Acceso A581","gna":"Acceso","rtn":"A581","fun":"6","rst":"Pavimento","hct":"Provincial Secundaria","ccn":"No aplica","ccc":"No aplica","lzn":0.207,"red":"Secundaria"},"geometry":{"type":"LineString","coordinates":[[-62.6840716318022,-32.5946894899814],[-62.6841316317992,-32.5948110845182],[-62.684292703028,-32.5950263279621]]}},{"type":"Feature","properties":{"id":"4120","fna":"Ruta Provincial E59","gna":"Ruta Provincial","rtn":"E59","fun":"6","rst":"Pavimento","hct":"Provincial Primaria","ccn":"No aplica","ccc":"No aplica","lzn":4.994,"red":"Primaria"},"geometry":{"type":"LineString","coordinates":[[-62.2953749110954,-32.4240900164879],[-62.2957387136232,-32.4257004241651],[-62.2962031039196,-32.4278438682105],[-62.2966099038348,-32.4297868556445],[-62.296833107678,-32.4307194097925],[-62.2974446452497,-32.4332727206579],[-62.2976298222418,-32.4340188397149],[-62.2983472417538,-32.4369687173854],[-62.298515211446,-32.4376614657171],[-62.2990545969553,-32.439877914885],[-62.2997692563176,-32.4428233258311],[-62.3005435684986,-32.4460029640836],[-62.3009546229264,-32.44769126845],[-62.3010297103028,-32.4480053166527],[-62.3011085754155,-32.4483686706257],[-62.3012923968368,-32.4492650785236],[-62.3015951638804,-32.4507061970191],[-62.3018224690148,-32.4516466028384],[-62.30226415227,-32.4534806597129],[-62.3025275031742,-32.454552217475],[-62.3031275427555,-32.4569923368482],[-62.303959948778,-32.4603706938125],[-62.3045205216667,-32.4626729976893],[-62.3045718510025,-32.4628998871675],[-62.304619442656,-32.4631778348745],[-62.3046566669893,-32.4633978531077],[-62.30467101855,-32.4637415126743],[-62.3046760197246,-32.4639426607099],[-62.3046688733212,-32.46414887674],[-62.304645355171,-32.4643949486494],[-62.3046222896405,-32.464555083789],[-62.3046012263029,-32.4647186354428],[-62.3045617149074,-32.4649327128401],[-62.3045140747638,-32.4651558219128],[-62.3044400074045,-32.4654101312205],[-62.3043641741089,-32.4656160895812],[-62.3042759671355,-32.4658398444918],[-62.3041860544098,-32.4660338187197],[-62.3040717374626,-32.4662583817464],[-62.3039229626603,-32.4665044384963],[-62.3037149039018,-32.4668360416451],[-62.303318056081,-32.4673850992034],[-62.3028824738435,-32.4679911576861]]}},{"type":"Feature","properties":{"id":"4121","fna":"Ruta Provincial E59","gna":"Ruta Provincial","rtn":"E59","fun":"6","rst":"Pavimento","hct":"Provincial Primaria","ccn":"No aplica","ccc":"No aplica","lzn":2.767,"red":"Primaria"},"geometry":{"type":"LineString","coordinates":[[-62.3028824738435,-32.4679911576861],[-62.3025156279352,-32.4685015704917],[-62.302328358271,-32.468766765256],[-62.3020982922246,-32.4691016819063],[-62.3019435155368,-32.4693346132673],[-62.3018219166114,-32.4695457774314],[-62.3016853122637,-32.4697804811607],[-62.3015715102052,-32.4700047328135],[-62.3014856012481,-32.4702038335749],[-62.3013913667709,-32.4704489237568],[-62.3013235468388,-32.4706655767101],[-62.3012658485971,-32.470878419644],[-62.3012140843103,-32.4711151476503],[-62.3011704255386,-32.4713472333346],[-62.3011387283685,-32.4716096046507],[-62.3011212544566,-32.4718566890837],[-62.3011220407789,-32.4720892378543],[-62.3011409146748,-32.4723398686051],[-62.3011664087296,-32.4725925835254],[-62.3012075335938,-32.4728381846686],[-62.3012824561415,-32.4731873148341],[-62.3016809753583,-32.4748392604708],[-62.3021139803739,-32.4766272508671],[-62.3024833732742,-32.4781689004697],[-62.3029089921388,-32.4799393702481],[-62.3033885363996,-32.4819273070875],[-62.3038373982299,-32.483801055539],[-62.3042696489522,-32.4855833548739],[-62.304629486793,-32.4870783069057],[-62.3050615967063,-32.4888566342058],[-62.3056026178828,-32.491095578603],[-62.3058685295258,-32.4922026155943]]}},{"type":"Feature","properties":{"id":"4772","fna":"Camino Provincial T269-16","gna":"Camino Provincial","rtn":"T269-16","fun":"6","rst":"No pavimentado","hct":"Camino Terciario","ccn":"C.C. 269 - SAN MARCOS SUD","ccc":"CC269","rcc":"19","lzn":2.705,"red":"Terciaria"},"geometry":{"type":"LineString","coordinates":[[-62.4449990076968,-32.6389118523644],[-62.4167874032615,-32.6439369325581]]}},{"type":"Feature","properties":{"id":"4883","fna":"Acceso A581","gna":"Acceso","rtn":"A581","fun":"6","rst":"Pavimento","hct":"Provincial Secundaria","ccn":"No aplica","ccc":"No aplica","lzn":0.012,"red":"Secundaria"},"geometry":{"type":"LineString","coordinates":[[-62.6805803554307,-32.5798930745938],[-62.6806089957299,-32.579997103666]]}},{"type":"Feature","properties":{"id":"4874","fna":"Acceso A581","gna":"Acceso","rtn":"A581","fun":"6","rst":"Pavimento","hct":"Provincial Secundaria","ccn":"No aplica","ccc":"No aplica","lzn":0.049,"red":"Secundaria"},"geometry":{"type":"LineString","coordinates":[[-62.6806948465754,-32.5803089349699],[-62.6807252428668,-32.5804541489285],[-62.6807544320077,-32.5805873651337],[-62.6807560953143,-32.5807486747324]]}},{"type":"Feature","properties":{"id":"4880","fna":"Acceso A581","gna":"Acceso","rtn":"A581","fun":"6","rst":"Pavimento","hct":"Provincial Secundaria","ccn":"No aplica","ccc":"No aplica","lzn":0.293,"red":"Secundaria"},"geometry":{"type":"LineString","coordinates":[[-62.6841606366319,-32.5951026139842],[-62.684013121337,-32.5948271002489],[-62.6839489409282,-32.5947149466045],[-62.6838981140177,-32.5946110177557],[-62.6838709295313,-32.5944885463531],[-62.6838657135739,-32.5943589217557],[-62.6838724291381,-32.5941900115733],[-62.6838841317252,-32.594070365528],[-62.6839332948426,-32.5939297832563]]}},{"type":"Feature","properties":{"id":"5050","fna":"Camino Provincial T391-16","gna":"Camino Provincial","rtn":"T391-16","fun":"6","rst":"No pavimentado","hct":"Camino Terciario","ccn":"C.C. 391 - COLONIA GENERAL BUSTOS","ccc":"CC391","rcc":"11","lzn":0.757,"red":"Terciaria"},"geometry":{"type":"LineString","coordinates":[[-62.5805709296537,-32.6023500980472],[-62.5812974429,-32.6053849506259],[-62.5821853352999,-32.6090375873314]]}},{"type":"Feature","properties":{"id":"5182","fna":"Camino Provincial T027-08","gna":"Camino Provincial","rtn":"T027-08","fun":"6","rst":"No pavimentado","hct":"Camino Terciario","ccn":"C.C. 027 - LEONES","ccc":"CC027","rcc":"19","lzn":0.735,"red":"Terciaria"},"geometry":{"type":"LineString","coordinates":[[-62.4064583038238,-32.5974816057905],[-62.3987956339906,-32.5988554235479]]}},{"type":"Feature","properties":{"id":"6848","fna":"Camino Provincial S384","gna":"Camino Provincial","rtn":"S384","fun":"6","rst":"Pavimento","hct":"Provincial Secundaria","ccn":"No aplica","ccc":"No aplica","lzn":1.2,"red":"Secundaria"},"geometry":{"type":"LineString","coordinates":[[-62.5816214070627,-32.5790023290634],[-62.5817594106461,-32.5794757472974],[-62.5842922199233,-32.5895847079429]]}},{"type":"Feature","properties":{"id":"7283","fna":"Acceso A581","gna":"Acceso","rtn":"A581","fun":"6","rst":"Pavimento","hct":"Provincial Secundaria","ccn":"No aplica","ccc":"No aplica","lzn":0.008,"red":"Secundaria"},"geometry":{"type":"LineString","coordinates":[[-62.6804934575555,-32.5799080557254],[-62.6805803554307,-32.5798930745938]]}},{"type":"Feature","properties":{"id":"7439","fna":"Acceso A581","gna":"Acceso","rtn":"A581","fun":"6","rst":"Pavimento","hct":"Provincial Secundaria","ccn":"No aplica","ccc":"No aplica","lzn":1.492,"red":"Secundaria"},"geometry":{"type":"LineString","coordinates":[[-62.6807560953143,-32.5807486747324],[-62.6808986203269,-32.5813877641564],[-62.6811342377328,-32.5822984537605],[-62.6815910900436,-32.5841311440568],[-62.6817698877823,-32.5848475073575],[-62.6821494127924,-32.5863799078598],[-62.6825917815254,-32.5881693995863],[-62.6827867662097,-32.5889529621529],[-62.6831740941071,-32.5905360966424],[-62.6837895055883,-32.5930414268353],[-62.6838128876573,-32.5931485815287],[-62.6838419815882,-32.5933026102481],[-62.6838536263736,-32.5933832803739],[-62.6838841635436,-32.5935409228246],[-62.6839074454635,-32.5937070860821],[-62.6839235908549,-32.5938907398039],[-62.6839332948426,-32.5939297832563]]}},{"type":"Feature","properties":{"id":"7444","fna":"Camino Provincial S384","gna":"Camino Provincial","rtn":"S384","fun":"6","rst":"Pavimento","hct":"Provincial Secundaria","ccn":"No aplica","ccc":"No aplica","lzn":1.218,"red":"Secundaria"},"geometry":{"type":"LineString","coordinates":[[-62.5842922199233,-32.5895847079429],[-62.5845366899,-32.5905603169036],[-62.5869744876519,-32.6003287998443]]}},{"type":"Feature","properties":{"id":"7603","fna":"Ruta Provincial 3","gna":"Ruta Provincial","rtn":"RP3","fun":"6","rst":"Pavimento","hct":"Provincial Primaria","ccn":"No aplica","ccc":"No aplica","lzn":0.15,"red":"Primaria"},"geometry":{"type":"LineString","coordinates":[[-62.6872470149351,-32.4181441878763],[-62.6872615610599,-32.4182097601734],[-62.6872832564869,-32.4184245690629],[-62.687317166737,-32.4187294870652],[-62.6873306394292,-32.4191088701597],[-62.6873291521533,-32.4194649609772],[-62.68732749465,-32.4194922354494]]}},{"type":"Feature","properties":{"id":"7605","fna":"Camino Provincial T269-14","gna":"Camino Provincial","rtn":"T269-14","fun":"6","rst":"No pavimentado","hct":"Camino Terciario","ccn":"C.C. 269 - SAN MARCOS SUD","ccc":"CC269","rcc":"19","lzn":2.332,"red":"Terciaria"},"geometry":{"type":"LineString","coordinates":[[-62.4884411784966,-32.6550777882509],[-62.4882333141,-32.6551621271007],[-62.487698827,-32.6552479107008],[-62.4641312732049,-32.6594509779318]]}},{"type":"Feature","properties":{"id":"7621","fna":"Ruta Provincial 3","gna":"Ruta Provincial","rtn":"RP3","fun":"6","rst":"Pavimento","hct":"Provincial Primaria","ccn":"No aplica","ccc":"No aplica","lzn":1.442,"red":"Primaria"},"geometry":{"type":"LineString","coordinates":[[-62.68732749465,-32.4194922354494],[-62.6873140956878,-32.4197127167804],[-62.6872786148227,-32.4199964319758],[-62.6872036200429,-32.4204238733719],[-62.6871177629715,-32.4207822054289],[-62.6870223953261,-32.4210969197216],[-62.6869229562387,-32.4213783216408],[-62.6867566720963,-32.4217674774334],[-62.6865741954833,-32.4221246701531],[-62.6864159854268,-32.4224019839911],[-62.6862253620384,-32.4227028886234],[-62.6858748145543,-32.4232494839213],[-62.6854397367017,-32.4239174648315],[-62.6849078825535,-32.4247207428654],[-62.6845580262228,-32.42525928332],[-62.6839006358354,-32.4262653527828],[-62.6831751846783,-32.4273695612316],[-62.6824378880216,-32.4284834046056],[-62.6821681517886,-32.4288922037936],[-62.6816541898277,-32.4296847234287],[-62.6807036490504,-32.4311169243888]]}},{"type":"Feature","properties":{"id":"7960","fna":"Acceso A581","gna":"Acceso","rtn":"A581","fun":"6","rst":"Pavimento","hct":"Provincial Secundaria","ccn":"No aplica","ccc":"No aplica","lzn":0.051,"red":"Secundaria"},"geometry":{"type":"LineString","coordinates":[[-62.6803217060495,-32.5791007460274],[-62.6804035754541,-32.5793058500791],[-62.6804576336366,-32.5794473141092],[-62.6804821551043,-32.5795363834178]]}},{"type":"Feature","properties":{"id":"7991","fna":"Acceso A581","gna":"Acceso","rtn":"A581","fun":"6","rst":"Pavimento","hct":"Provincial Secundaria","ccn":"No aplica","ccc":"No aplica","lzn":0.045,"red":"Secundaria"},"geometry":{"type":"LineString","coordinates":[[-62.6815024004012,-32.5797846385436],[-62.6813441815938,-32.579834322951],[-62.6811991375731,-32.5798747487192],[-62.6811164637306,-32.5798955772545],[-62.681043943467,-32.5799127319669]]}},{"type":"Feature","properties":{"id":"8021","fna":"Acceso A581","gna":"Acceso","rtn":"A581","fun":"6","rst":"Pavimento","hct":"Provincial Secundaria","ccn":"No aplica","ccc":"No aplica","lzn":0.042,"red":"Secundaria"},"geometry":{"type":"LineString","coordinates":[[-62.681043943467,-32.5799127319669],[-62.6806089957299,-32.579997103666]]}},{"type":"Feature","properties":{"id":"8288","fna":"Ruta Provincial 3","gna":"Ruta Provincial","rtn":"RP3","fun":"6","rst":"Pavimento","hct":"Provincial Primaria","ccn":"No aplica","ccc":"No aplica","lzn":3.95,"red":"Primaria"},"geometry":{"type":"LineString","coordinates":[[-62.6935299054695,-32.5287751765821],[-62.6936011632125,-32.5288463522564],[-62.6938918341144,-32.5291453028569],[-62.6942975155412,-32.5295716244068],[-62.6946915990048,-32.5300214038263],[-62.695079199645,-32.5305362985049],[-62.6953967458943,-32.5310466694713],[-62.6956001100949,-32.5314641852636],[-62.6957553727251,-32.5318278807238],[-62.6959129365951,-32.5322534152327],[-62.6960704565956,-32.5328282689933],[-62.6962603896191,-32.5335873769142],[-62.6968077594608,-32.5358267022589],[-62.6972200745573,-32.5375118392918],[-62.6975001367044,-32.5386435202312],[-62.6995129524,-32.5467833581377],[-62.7006472137615,-32.5513593971179],[-62.7015109577592,-32.5548549644506],[-62.7025031235,-32.5588259942559],[-62.7030337044,-32.5609921803591],[-62.7030880744122,-32.5612192322307],[-62.7031220621949,-32.5614455608094],[-62.7031503592887,-32.5617499863624],[-62.7031750665389,-32.5621879949726],[-62.7032081004242,-32.5631787316509]]}},{"type":"Feature","properties":{"id":"8319","fna":"Ruta Provincial 3","gna":"Ruta Provincial","rtn":"RP3","fun":"6","rst":"Pavimento","hct":"Provincial Primaria","ccn":"No aplica","ccc":"No aplica","lzn":9.409,"red":"Primaria"},"geometry":{"type":"LineString","coordinates":[[-62.6734363539703,-32.4460076810153],[-62.6734404145584,-32.4460235326519],[-62.6737039299866,-32.4471133165057],[-62.6742402352422,-32.4493135742013],[-62.6744945372456,-32.4503382832862],[-62.6752599657576,-32.4534522754854],[-62.6755948013153,-32.4548096635194],[-62.6761285169933,-32.4569830902034],[-62.676364206251,-32.4579711527285],[-62.6764451033225,-32.4583583060458],[-62.6765028155084,-32.4587728236011],[-62.6765350109799,-32.4592404054103],[-62.6765347683656,-32.4597045643793],[-62.6765020752217,-32.4601874786545],[-62.6764414928807,-32.4608272974436],[-62.67640884603,-32.4612202740495],[-62.6763854990273,-32.4615533874569],[-62.6763807096983,-32.4618486159215],[-62.6763898003727,-32.4621888186548],[-62.6764336062255,-32.4626120378888],[-62.6764543407106,-32.4628427553513],[-62.6765190321336,-32.4632103513099],[-62.6766549366301,-32.4637619590655],[-62.6770156940001,-32.4651908823871],[-62.6773150072656,-32.4663265278398],[-62.678036850591,-32.4690871289863],[-62.6784657272621,-32.4707666115366],[-62.679589210752,-32.4750824356952],[-62.6804882614387,-32.4785341523392],[-62.6806594295893,-32.4792450905686],[-62.6809957890814,-32.4806865887772],[-62.6814325727441,-32.4826257917581],[-62.6816500082473,-32.4835596661429],[-62.6819735945714,-32.4849804968381],[-62.6824269993345,-32.486928122571],[-62.6826142957808,-32.4877695907225],[-62.6831255535277,-32.4899935375927],[-62.6835099798428,-32.4916833554678],[-62.6836644060358,-32.4923687798818],[-62.6843851890629,-32.4955267505758],[-62.6849146584226,-32.4978610221258],[-62.6851119017193,-32.498721296481],[-62.6860965744823,-32.5030392774048],[-62.6867651850792,-32.5059864615105],[-62.6870120776135,-32.5070779786888],[-62.6879375508673,-32.5111229795549],[-62.6881312205265,-32.5119446734532],[-62.6890075059691,-32.5157577537456],[-62.6897466213545,-32.5190223811837],[-62.6901985006165,-32.5209917345309],[-62.6909615074232,-32.5243025117997],[-62.691119129953,-32.5249780422055],[-62.6912210235581,-32.5253573707732],[-62.6913322079964,-32.525696374014],[-62.6915013376346,-32.5261148230998],[-62.69175294,-32.5266130074073],[-62.6920387259888,-32.5270645121575],[-62.6923787502,-32.5275289000087],[-62.6929335273212,-32.5281794793092],[-62.6935299054695,-32.5287751765821]]}},{"type":"Feature","properties":{"id":"8396","fna":"Acceso A143","gna":"Acceso","rtn":"A143","fun":"6","rst":"Pavimento","hct":"Provincial Secundaria","ccn":"No aplica","ccc":"No aplica","lzn":1.049,"red":"Secundaria"},"geometry":{"type":"LineString","coordinates":[[-62.5871684780705,-32.6011862777413],[-62.5877755587175,-32.603584697158],[-62.5881650136365,-32.6051974972895],[-62.5886149949047,-32.6070288384579],[-62.5889725609256,-32.6084903353407],[-62.5892545131182,-32.6096320556861],[-62.5894560486366,-32.6104461441209]]}},{"type":"Feature","properties":{"id":"8603","fna":"Ruta Provincial 3","gna":"Ruta Provincial","rtn":"RP3","fun":"6","rst":"Pavimento","hct":"Provincial Primaria","ccn":"No aplica","ccc":"No aplica","lzn":2.804,"red":"Primaria"},"geometry":{"type":"LineString","coordinates":[[-62.7032081004242,-32.5631787316509],[-62.7033468270574,-32.5673391446626],[-62.7033692959983,-32.5680363546124],[-62.7033484300387,-32.568315270698],[-62.7033301246801,-32.5684862974457],[-62.7033143316694,-32.5686552596323],[-62.703290356809,-32.5688148812058],[-62.7032748981586,-32.5689991657632],[-62.7032704220072,-32.569161039682],[-62.7032798150558,-32.5693158101321],[-62.7032946483876,-32.5694517890775],[-62.7033317641824,-32.5695900071324],[-62.7033801447603,-32.5697476857516],[-62.7034507398028,-32.5698974719063],[-62.7035239919882,-32.5700284798503],[-62.703613960443,-32.5701617534973],[-62.7037445434763,-32.5703223548281],[-62.7038538532886,-32.5704344242939],[-62.7040050086182,-32.5705603673832],[-62.7041329564147,-32.570648526028],[-62.7043131183891,-32.5707563021746],[-62.7044704363978,-32.570834825758],[-62.7046391112291,-32.5709007155214],[-62.7048119887026,-32.570961546501],[-62.7050109872264,-32.5710207838942],[-62.7051138958246,-32.5710531152639]]}},{"type":"Feature","properties":{"id":"8604","fna":"Ruta Provincial 3","gna":"Ruta Provincial","rtn":"RP3","fun":"6","rst":"Pavimento","hct":"Provincial Primaria","ccn":"No aplica","ccc":"No aplica","lzn":1.827,"red":"Primaria"},"geometry":{"type":"LineString","coordinates":[[-62.6807036490504,-32.4311169243888],[-62.6805298904481,-32.4313787245969],[-62.6798447131295,-32.4324226665512],[-62.6796275704578,-32.4327574859188],[-62.6787484948445,-32.4340944043354],[-62.6766982355082,-32.4372095243872],[-62.6747866166248,-32.4401220671662],[-62.6745268393393,-32.4405085576595],[-62.674047715773,-32.441284781228],[-62.6738482714421,-32.4416600950257],[-62.6737438966753,-32.4418809879622],[-62.673611669147,-32.4421937634404],[-62.6734902303,-32.4425730188803],[-62.6733609759456,-32.4430648989605],[-62.6732842902174,-32.4434809777528],[-62.6732377329844,-32.4438778587598],[-62.6732142191778,-32.4444937290992],[-62.6732371383333,-32.4449410950386],[-62.6732878884341,-32.445334104405],[-62.6733502544924,-32.4456715664044],[-62.6734363539703,-32.4460076810153]]}},{"type":"Feature","properties":{"id":"9314","fna":"Camino Provincial T027-01","gna":"Camino Provincial","rtn":"T027-01","fun":"6","rst":"No pavimentado","hct":"Camino Terciario","ccn":"C.C. 027 - LEONES","ccc":"CC027","rcc":"19","lzn":2.601,"red":"Terciaria"},"geometry":{"type":"LineString","coordinates":[[-62.3795494379646,-32.6027235853443],[-62.3794505071419,-32.6023214812929]]}},{"type":"Feature","properties":{"id":"9315","fna":"Acceso A581","gna":"Acceso","rtn":"A581","fun":"6","rst":"Pavimento","hct":"Provincial Secundaria","ccn":"No aplica","ccc":"No aplica","lzn":0.043,"red":"Secundaria"},"geometry":{"type":"LineString","coordinates":[[-62.6805803554307,-32.5798930745938],[-62.6807659620776,-32.5798610759223],[-62.6810259517228,-32.5798218728706]]}},{"type":"Feature","properties":{"id":"10165","fna":"Camino Provincial T391-17","gna":"Camino Provincial","rtn":"T391-17","fun":"6","rst":"No pavimentado","hct":"Camino Terciario","ccn":"C.C. 391 - COLONIA GENERAL BUSTOS","ccc":"CC391","rcc":"11","lzn":1.628,"red":"Terciaria"},"geometry":{"type":"LineString","coordinates":[[-62.5294214223272,-32.5153983990883],[-62.5302213582,-32.5183087351948],[-62.532506275,-32.5265737785073],[-62.5333631391429,-32.5296963467886]]}},{"type":"Feature","properties":{"id":"9851","fna":"Camino Provincial T269-34","gna":"Camino Provincial","rtn":"T269-34","fun":"6","rst":"No pavimentado","hct":"Camino Terciario","ccn":"C.C. 269 - SAN MARCOS SUD","ccc":"CC269","rcc":"19","lzn":3.189,"red":"Terciaria"},"geometry":{"type":"LineString","coordinates":[[-62.4175067070279,-32.5393292045503],[-62.3964546047999,-32.542984993732],[-62.3962154358,-32.5430322657321],[-62.3960995612999,-32.5430480201321],[-62.3960397827,-32.5430322304321],[-62.3959990592,-32.543001400332],[-62.395955613,-32.5428870557318],[-62.3935173175893,-32.5330747387079]]}},{"type":"Feature","properties":{"id":"10142","fna":"Camino Provincial T135-09","gna":"Camino Provincial","rtn":"T135-09","fun":"6","rst":"No pavimentado","hct":"Camino Terciario","ccn":"C.C. 135 - BELL VILLE","ccc":"CC135","rcc":"11","lzn":1.447,"red":"Terciaria"},"geometry":{"type":"LineString","coordinates":[[-62.7032081004242,-32.5631787316509],[-62.7003302123,-32.5637354645633],[-62.6980309922,-32.564220465164],[-62.6979471162,-32.564228063364],[-62.6978535818,-32.564218964864],[-62.6977948406,-32.5641852381639],[-62.697746005,-32.5641474414639],[-62.6977075201,-32.5640681948638],[-62.697528909,-32.5633397778627],[-62.6973219,-32.5624911424614],[-62.6972989296,-32.5624547862613],[-62.6972641411,-32.5624281923613],[-62.6972252174,-32.5624212880613],[-62.6971861763,-32.5624242450613],[-62.6971508395,-32.5624436706613],[-62.697099667,-32.5624826868614],[-62.6939813456,-32.5649460852651],[-62.6939242321,-32.5649774792651],[-62.6938862199,-32.5649930959652],[-62.6938339769,-32.5650125767652],[-62.6937534627,-32.5650238477652],[-62.6935548031,-32.5650301308652],[-62.6907819438702,-32.5650549033899]]}},{"type":"Feature","properties":{"id":"10002","fna":"Camino Provincial T269-35","gna":"Camino Provincial","rtn":"T269-35","fun":"6","rst":"No pavimentado","hct":"Camino Terciario","ccn":"C.C. 269 - SAN MARCOS SUD","ccc":"CC269","rcc":"19","lzn":0.68,"red":"Terciaria"},"geometry":{"type":"LineString","coordinates":[[-62.4966592888753,-32.5491320005426],[-62.4908533949,-32.5515617599449],[-62.4904191628999,-32.5517463071452],[-62.4902905885999,-32.5518194387453],[-62.4901700795801,-32.5518251486131]]}},{"type":"Feature","properties":{"id":"10013","fna":"Camino Provincial T269-24","gna":"Camino Provincial","rtn":"T269-24","fun":"6","rst":"No pavimentado","hct":"Camino Terciario","ccn":"C.C. 269 - SAN MARCOS SUD","ccc":"CC269","rcc":"19","lzn":1.024,"red":"Terciaria"},"geometry":{"type":"LineString","coordinates":[[-62.4606418139614,-32.5345320762608],[-62.4603844840999,-32.5346274551194],[-62.4502656638,-32.5363898211221],[-62.4499943919886,-32.5364739642024]]}},{"type":"Feature","properties":{"id":"10026","fna":"Camino Provincial T269-04","gna":"Camino Provincial","rtn":"T269-04","fun":"6","rst":"No pavimentado","hct":"Camino Terciario","ccn":"C.C. 269 - SAN MARCOS SUD","ccc":"CC269","rcc":"19","lzn":2.325,"red":"Terciaria"},"geometry":{"type":"LineString","coordinates":[[-62.4835322468693,-32.5239547418199],[-62.4844608461,-32.523737363203],[-62.5072290247999,-32.5183136337948],[-62.5073567459786,-32.5182893599276]]}},{"type":"Feature","properties":{"id":"10112","fna":"Camino Provincial T135-06","gna":"Camino Provincial","rtn":"T135-06","fun":"6","rst":"No pavimentado","hct":"Camino Terciario","ccn":"C.C. 135 - BELL VILLE","ccc":"CC135","rcc":"11","lzn":0.058,"red":"Terciaria"},"geometry":{"type":"LineString","coordinates":[[-62.7300074120175,-32.5260457137905],[-62.7296605709815,-32.5256620748508]]}},{"type":"Feature","properties":{"id":"10139","fna":"Colectora Ruta Nacional 9","gna":"Colectora Ruta Nacional","rtn":"CRN9","fun":"-1","rst":"No pavimentado","hct":"Ruta Nacional","ccn":"No aplica","ccc":"No aplica","rcc":"11","lzn":0.861,"red":"Terciaria"},"geometry":{"type":"LineString","coordinates":[[-62.6854286147,-32.5780722199848],[-62.6856423390308,-32.5781103408123],[-62.6859379756051,-32.5780258437352],[-62.6861385243924,-32.5778349965957],[-62.686454907393,-32.5775261438756],[-62.6867367130165,-32.5773148996572],[-62.687089402263,-32.577164843117],[-62.6875561968541,-32.577144447063],[-62.6883134414129,-32.5772231175314],[-62.6891242809062,-32.5776922251874],[-62.6901322114491,-32.5783201263147],[-62.6908635229751,-32.5787367821765],[-62.6916968377636,-32.5792131660516],[-62.692685750749,-32.5797900679064],[-62.692994065695,-32.5799605154713],[-62.6931026347642,-32.5800701960111]]}},{"type":"Feature","properties":{"id":"10148","fna":"Camino Provincial T135-11","gna":"Camino Provincial","rtn":"T135-11","fun":"6","rst":"No pavimentado","hct":"Camino Terciario","ccn":"C.C. 135 - BELL VILLE","ccc":"CC135","rcc":"11","lzn":3.608,"red":"Terciaria"},"geometry":{"type":"LineString","coordinates":[[-62.6642374647754,-32.5717606579155],[-62.6667864269171,-32.5821301383342],[-62.669485706293,-32.5932668846368],[-62.6716409325931,-32.6021478926705],[-62.6716692711787,-32.6022493505344],[-62.6716551034984,-32.6023687127301],[-62.6716125982818,-32.602494043146],[-62.6715630082288,-32.6025895329844],[-62.6712796281211,-32.6032874653222],[-62.6712522630854,-32.6035928256041]]}},{"type":"Feature","properties":{"id":"10150","fna":"Camino Provincial T135-09","gna":"Camino Provincial","rtn":"T135-09","fun":"6","rst":"No pavimentado","hct":"Camino Terciario","ccn":"C.C. 135 - BELL VILLE","ccc":"CC135","rcc":"11","lzn":2.003,"red":"Terciaria"},"geometry":{"type":"LineString","coordinates":[[-62.6776698340477,-32.5684111759372],[-62.6749676418,-32.5689563064711],[-62.6725876408,-32.5694948591719],[-62.6724989277,-32.5694998380719],[-62.6723830097,-32.5694988344719],[-62.672267442,-32.5694690987719],[-62.6721315584,-32.5694276929718],[-62.6718999322,-32.5694084455718],[-62.6715249018,-32.5694051960718],[-62.6710883605,-32.5694129060718],[-62.670526305,-32.5694482620719],[-62.6700825263,-32.5694903879719],[-62.6696113997,-32.569538022072],[-62.6692630789,-32.5695809739721],[-62.668833264,-32.5696429753721],[-62.6684027704,-32.5697139452723],[-62.667965245,-32.5698020935724],[-62.6675755891,-32.5698791626725],[-62.6671789709,-32.5699676641727],[-62.666802806,-32.5700563426728],[-62.6663866975999,-32.5701635361729],[-62.6626715115,-32.5711541029744],[-62.6626578026,-32.5711597302744],[-62.6570509767022,-32.5726222868719]]}},{"type":"Feature","properties":{"id":"10152","fna":"Camino Provincial T135-13","gna":"Camino Provincial","rtn":"T135-13","fun":"6","rst":"No pavimentado","hct":"Camino Terciario","ccn":"C.C. 135 - BELL VILLE","ccc":"CC135","rcc":"11","lzn":4.152,"red":"Terciaria"},"geometry":{"type":"LineString","coordinates":[[-62.6092988373187,-32.5611648338686],[-62.611795688,-32.5607349160587],[-62.6152328405,-32.5601482807578],[-62.6171004786,-32.5598218372574],[-62.6172881488,-32.5597945366573],[-62.6175162411,-32.5597807477573],[-62.6175161760999,-32.5597860101573],[-62.618596972,-32.5597454829573],[-62.6214471706,-32.5596546295571],[-62.6215221604,-32.5596500216571],[-62.6216097348,-32.5596376291571],[-62.6216944138,-32.559606790757],[-62.6217916773,-32.559568167757],[-62.6218919981,-32.559534834257],[-62.621970304,-32.5595144660569],[-62.6220797641,-32.5594996326569],[-62.6223611551,-32.5594678793568],[-62.6228313487,-32.5594430367568],[-62.6298353866,-32.5591342119563],[-62.6299084934,-32.5591538670564],[-62.6299533349,-32.5591780323564],[-62.6299978284,-32.5592307265565],[-62.6300361581,-32.5593261651566],[-62.6301273643,-32.5597121369572],[-62.6311562591,-32.5638376295634],[-62.6311835404,-32.5639139507635],[-62.6312178521,-32.5639872350636],[-62.63126272,-32.5640756288638],[-62.6312954019,-32.5641357554639],[-62.63134858,-32.564227741464],[-62.6313851812,-32.5643090233641],[-62.6314133008,-32.5644007924643],[-62.6315129509,-32.5647923998648],[-62.6320584557,-32.5669951133682],[-62.6321051444,-32.5672771344686],[-62.632565507,-32.5692155699715],[-62.6327407956,-32.5699140882726],[-62.634142718,-32.575504671181],[-62.6348627959,-32.5783667218853],[-62.6348890914573,-32.5784707073663]]}},{"type":"Feature","properties":{"id":"10171","fna":"Camino Provincial T135-10","gna":"Camino Provincial","rtn":"T135-10","fun":"6","rst":"No pavimentado","hct":"Camino Terciario","ccn":"C.C. 135 - BELL VILLE","ccc":"CC135","rcc":"11","lzn":2.184,"red":"Terciaria"},"geometry":{"type":"LineString","coordinates":[[-62.6570509767022,-32.5726222868719],[-62.6505901896,-32.5743032514792],[-62.6427328868,-32.5763890640823],[-62.6395795045,-32.5772299337836],[-62.6350648825,-32.5782907993852],[-62.6350128559,-32.5783308851852],[-62.6349777963,-32.5783884892853],[-62.6348890914573,-32.5784707073663]]}},{"type":"Feature","properties":{"id":"10173","fna":"Camino Provincial T391-04","gna":"Camino Provincial","rtn":"T391-04","fun":"6","rst":"No pavimentado","hct":"Camino Terciario","ccn":"C.C. 391 - COLONIA GENERAL BUSTOS","ccc":"CC391","rcc":"11","lzn":5.541,"red":"Terciaria"},"geometry":{"type":"LineString","coordinates":[[-62.6712522630854,-32.6035928256041],[-62.6710017407,-32.6038359150236],[-62.6706482389,-32.6045512934247],[-62.669813229,-32.6063458425274],[-62.6697450816,-32.6064777301276],[-62.6696948288,-32.6066301544278],[-62.6695756785,-32.6069757268283],[-62.6695241791,-32.6072300466287],[-62.6694653854,-32.6075862101292],[-62.6693694301,-32.6080133869299],[-62.6693199858,-32.60809957903],[-62.6692589436,-32.6081449075301],[-62.6691739934,-32.6081667889301],[-62.6690651895,-32.6081607491301],[-62.668962496,-32.6081496670301],[-62.6688777598,-32.6081540267301],[-62.6688169045,-32.6081840704301],[-62.6687498139,-32.6082293459302],[-62.668712465,-32.6083156424303],[-62.6686993088,-32.6084021490304],[-62.6686745549,-32.6084477922305],[-62.6686136368,-32.6084829307306],[-62.6685348236,-32.6084975323306],[-62.6683716477,-32.6084859246306],[-62.6652605084,-32.6080262756299],[-62.6633133705,-32.6077437474295],[-62.6620677518,-32.6075851067292],[-62.6593990632,-32.6071898001286],[-62.6559844329,-32.6067025294279],[-62.6527311015,-32.6062204416272],[-62.6486379886,-32.6056390410263],[-62.6466269793,-32.6053613778259],[-62.6442150915,-32.6051565556256],[-62.6417526571999,-32.6050378575254],[-62.6386372999,-32.6049999094254],[-62.6364166336,-32.6050870796255],[-62.6335394726,-32.6053059031258],[-62.6321216153,-32.605467220326],[-62.6306493173,-32.6056629079263],[-62.6298179573,-32.6057929125266],[-62.6286418712,-32.6060014306268],[-62.6256893363,-32.6065302156277],[-62.62147052,-32.6072884267288],[-62.6203752514,-32.6074840736291],[-62.6202054499,-32.6075182014292],[-62.6201145335,-32.6075326630292],[-62.6200604264,-32.6075066955291],[-62.6200188061,-32.607450269029],[-62.6199836898,-32.6073582338289],[-62.6199183981,-32.6072608295288],[-62.6198705996,-32.6072145376287],[-62.6197681731,-32.6071830361286],[-62.6196591124,-32.6071973326287],[-62.6190528039,-32.6073090232288],[-62.6171501845608,-32.6076536941104]]}},{"type":"Feature","properties":{"id":"10302","fna":"Colectora Ruta Nacional 9","gna":"Colectora Ruta Nacional","rtn":"CRN9","fun":"-1","rst":"No pavimentado","hct":"Ruta Nacional","ccn":"No disponible","ccc":"No disponible","rcc":"11","lzn":0.777,"red":"Terciaria"},"geometry":{"type":"LineString","coordinates":[[-62.6993616,-32.5826333303917],[-62.6991599,-32.5824680303915],[-62.6977621,-32.5816283303902],[-62.6926862872,-32.5784905131855]]}},{"type":"Feature","properties":{"id":"10442","fna":"Camino Provincial T269-01","gna":"Camino Provincial","rtn":"T269-01","fun":"6","rst":"No pavimentado","hct":"Camino Terciario","ccn":"C.C. 269 - SAN MARCOS SUD","ccc":"CC269","rcc":"19","lzn":6.366,"red":"Terciaria"},"geometry":{"type":"LineString","coordinates":[[-62.4779805519127,-32.5007192107771],[-62.4778590232999,-32.5002322840675],[-62.4695457492999,-32.4658013570155],[-62.4693320791999,-32.4650119998143],[-62.4696887797,-32.4649256408142],[-62.4935713509657,-32.4609314262501]]}},{"type":"Feature","properties":{"id":"10433","fna":"Camino Provincial T269-04","gna":"Camino Provincial","rtn":"T269-04","fun":"6","rst":"No pavimentado","hct":"Camino Terciario","ccn":"C.C. 269 - SAN MARCOS SUD","ccc":"CC269","rcc":"19","lzn":1.129,"red":"Terciaria"},"geometry":{"type":"LineString","coordinates":[[-62.4460510276189,-32.5250133294234],[-62.4464299893,-32.5249117142048],[-62.4471852871,-32.5247867197046],[-62.4578167763301,-32.5229488071929]]}},{"type":"Feature","properties":{"id":"10581","fna":"Camino Provincial T391-11","gna":"Camino Provincial","rtn":"T391-11","fun":"6","rst":"No pavimentado","hct":"Camino Terciario","ccn":"C.C. 391 - COLONIA GENERAL BUSTOS","ccc":"CC391","rcc":"11","lzn":1.7,"red":"Terciaria"},"geometry":{"type":"LineString","coordinates":[[-62.580330184601,-32.5306147075129],[-62.5778134242999,-32.531715329915],[-62.5743709205,-32.5332361701173],[-62.5684406506,-32.5358706667213],[-62.5683851069,-32.5358975406213],[-62.5683296608,-32.5359127559213],[-62.5682558739,-32.5359162027214],[-62.568113105,-32.5358998066213],[-62.5660553863,-32.5355533019208],[-62.5638477242807,-32.5351831828967]]}},{"type":"Feature","properties":{"id":"10600","fna":"Camino Provincial T065-24","gna":"Camino Provincial","rtn":"T065-24","fun":"6","rst":"No pavimentado","hct":"Camino Terciario","ccn":"C.C. 065 - CINTRA","ccc":"CC065","rcc":"11","lzn":3.191,"red":"Terciaria"},"geometry":{"type":"LineString","coordinates":[[-62.6807036490504,-32.4311169243888],[-62.6800958031,-32.4288685638596],[-62.67997283,-32.4283297911588],[-62.6799535862,-32.4282853375587],[-62.6799112627,-32.4282517983587],[-62.6798655471,-32.4282293139586],[-62.6798098213,-32.4282233768586],[-62.6797309882,-32.4282311237586],[-62.6776269305,-32.4286204806592],[-62.6735126622,-32.4293613709604],[-62.6731119318,-32.4294281160604],[-62.6730560662,-32.4294360237605],[-62.6728918624,-32.4294486921605],[-62.6727276305,-32.4294641299605],[-62.672546824,-32.4294960669605],[-62.6716492613,-32.4296641050608],[-62.6697065881,-32.4300068917613],[-62.6667655063,-32.4305213823621],[-62.6641413108,-32.4309866676628],[-62.6612003489,-32.4315168679636],[-62.6573822504,-32.4321888776646],[-62.6570254239,-32.4322469017647],[-62.6569891581,-32.4322632551647],[-62.6569527216,-32.4322962259648],[-62.656939198,-32.4323349039648],[-62.6569485018,-32.4323875977649],[-62.6569894535,-32.4325540839652],[-62.6577479301,-32.4356151981698],[-62.6583605456178,-32.4380767745511]]}},{"type":"Feature","properties":{"id":"10607","fna":"Camino Provincial T135-07","gna":"Camino Provincial","rtn":"T135-07","fun":"6","rst":"No pavimentado","hct":"Camino Terciario","ccn":"C.C. 135 - BELL VILLE","ccc":"CC135","rcc":"11","lzn":3.858,"red":"Terciaria"},"geometry":{"type":"LineString","coordinates":[[-62.6692698557049,-32.5343582432992],[-62.6698880983,-32.5368437979227],[-62.6715121676,-32.5434279846327],[-62.6734306163,-32.5511995980444],[-62.6754196881,-32.5592731027565],[-62.6773414358,-32.5670991516683],[-62.6776698340477,-32.5684111759372]]}},{"type":"Feature","properties":{"id":"10611","fna":"Camino Provincial T065-26","gna":"Camino Provincial","rtn":"T065-26","fun":"6","rst":"No pavimentado","hct":"Camino Terciario","ccn":"C.C. 065 - CINTRA","ccc":"CC065","rcc":"11","lzn":2.352,"red":"Terciaria"},"geometry":{"type":"LineString","coordinates":[[-62.6734363539703,-32.4460076810153],[-62.6725340576,-32.4461344507857],[-62.6695349246,-32.4466672423865],[-62.6656556503,-32.4473551490876],[-62.6610161465,-32.4481859828888],[-62.6609569186,-32.4481949085889],[-62.6608978184,-32.4481913591888],[-62.6608647798,-32.4481692855888],[-62.6608355965,-32.4481316450888],[-62.6608213238,-32.4480816371887],[-62.6605767481,-32.4470599411871],[-62.6596262312,-32.4432002621813],[-62.6585994354,-32.439016978975],[-62.6583605456178,-32.4380767745511]]}},{"type":"Feature","properties":{"id":"10616","fna":"Camino Provincial T065-26","gna":"Camino Provincial","rtn":"T065-26","fun":"6","rst":"No pavimentado","hct":"Camino Terciario","ccn":"C.C. 065 - CINTRA","ccc":"CC065","rcc":"11","lzn":2.595,"red":"Terciaria"},"geometry":{"type":"LineString","coordinates":[[-62.6333750683734,-32.4295662436059],[-62.629599817,-32.4302765071617],[-62.6252606473,-32.4310747570629],[-62.6191071492,-32.4322421042647],[-62.6135800948,-32.4332724199663],[-62.6090294025,-32.4341184081675],[-62.6064334142,-32.4346045775683]]}},{"type":"Feature","properties":{"id":"10639","fna":"Camino Provincial T065-07","gna":"Camino Provincial","rtn":"T065-07","fun":"6","rst":"No pavimentado","hct":"Camino Terciario","ccn":"C.C. 065 - CINTRA","ccc":"CC065","rcc":"11","lzn":5.095,"red":"Terciaria"},"geometry":{"type":"LineString","coordinates":[[-62.631655135167,-32.4226436057518],[-62.6317479631,-32.4229981036507],[-62.6333750683734,-32.4295662436059]]}},{"type":"Feature","properties":{"id":"10695","fna":"Camino Provincial T065-08","gna":"Camino Provincial","rtn":"T065-08","fun":"6","rst":"No pavimentado","hct":"Camino Terciario","ccn":"C.C. 065 - CINTRA","ccc":"CC065","rcc":"11","lzn":3.912,"red":"Terciaria"},"geometry":{"type":"LineString","coordinates":[[-62.7561415214198,-32.4068547161379],[-62.7587238729,-32.4173792326422],[-62.7603702057,-32.4239848640522],[-62.760676074,-32.4252117137541],[-62.7612162851,-32.4274404051574],[-62.7619494415,-32.4303891045619],[-62.7630339283,-32.4347879897686],[-62.7642470284,-32.439688619176],[-62.7645969351,-32.4411248726781],[-62.7646042416,-32.4412243035783],[-62.7645907992,-32.4412987271784],[-62.7645646236,-32.4413836970786]]}},{"type":"Feature","properties":{"id":"10884","fna":"Camino Provincial T065-15","gna":"Camino Provincial","rtn":"T065-15","fun":"6","rst":"No pavimentado","hct":"Camino Terciario","ccn":"C.C. 065 - CINTRA","ccc":"CC065","rcc":"11","lzn":1.43,"red":"Terciaria"},"geometry":{"type":"LineString","coordinates":[[-62.7080207540857,-32.4388836545265],[-62.7078364773,-32.4388505158747],[-62.7076686714,-32.4388791216747],[-62.705950661,-32.4391909401752],[-62.7010617009,-32.4400632375766],[-62.6970705132,-32.4407721310776],[-62.6931429309,-32.4414910172787]]}},{"type":"Feature","properties":{"id":"12023","fna":"Acceso A581","gna":"Acceso","rtn":"A581","fun":"6","rst":"Pavimento","hct":"Provincial Secundaria","ccn":"No aplica","ccc":"No aplica","lzn":0.008,"red":"Secundaria"},"geometry":{"type":"LineString","coordinates":[[-62.6806089957299,-32.579997103666],[-62.6805217129501,-32.5800140346865]]}},{"type":"Feature","properties":{"id":"10950","fna":"Camino Provincial S331","gna":"Camino Provincial","rtn":"S331","fun":"6","rst":"No pavimentado","hct":"Provincial Secundaria","ccn":"C.C. 132 - NOETINGER","ccc":"CC132","rcc":"19","lzn":3.078,"red":"Secundaria"},"geometry":{"type":"LineString","coordinates":[[-62.4067458391577,-32.5036487451784],[-62.4041028919134,-32.4928996019044],[-62.4023418982094,-32.4857932934293],[-62.4006090441199,-32.4786816427194],[-62.4001119125469,-32.4767195600392],[-62.4000032241596,-32.4764921520462]]}},{"type":"Feature","properties":{"id":"10957","fna":"Camino Provincial T065-15","gna":"Camino Provincial","rtn":"T065-15","fun":"6","rst":"No pavimentado","hct":"Camino Terciario","ccn":"C.C. 065 - CINTRA","ccc":"CC065","rcc":"11","lzn":2.61,"red":"Terciaria"},"geometry":{"type":"LineString","coordinates":[[-62.7356931912,-32.4375406850727],[-62.7331965763,-32.4376839438729],[-62.7272550884,-32.4380011133734],[-62.7222964589,-32.4382769052738],[-62.71768599,-32.4385238214742],[-62.7114054549,-32.4388602545747],[-62.7085182184,-32.439015218275],[-62.7083948929,-32.4390032040749],[-62.7082804924,-32.4389800892749],[-62.7081487474,-32.4389270886748],[-62.7080207540857,-32.4388836545265]]}},{"type":"Feature","properties":{"id":"10982","fna":"Camino Provincial T065-09","gna":"Camino Provincial","rtn":"T065-09","fun":"6","rst":"No pavimentado","hct":"Camino Terciario","ccn":"C.C. 065 - CINTRA","ccc":"CC065","rcc":"11","lzn":2.067,"red":"Terciaria"},"geometry":{"type":"LineString","coordinates":[[-62.7485787175876,-32.407005828408],[-62.7413700576,-32.4071107097266],[-62.7412883639,-32.4071283953267],[-62.7412282952,-32.4071554292267],[-62.7411951278,-32.4072056146268],[-62.7411889659,-32.4072697788269],[-62.7412201532,-32.4073938728271],[-62.7415296459,-32.4085769241288],[-62.7415288646,-32.408645718229],[-62.7415119945,-32.408696035429],[-62.741467806,-32.4087598916291],[-62.7414075806,-32.4088006844292],[-62.7413093804,-32.4088365831293],[-62.7411840699,-32.4088676756293],[-62.7406781752,-32.4089232062294],[-62.7300757184,-32.4103214042315],[-62.729340443,-32.4104361765317],[-62.7292095885,-32.4104763850317],[-62.7290267108879,-32.4105838443499]]}},{"type":"Feature","properties":{"id":"11026","fna":"Camino Provincial T065-15","gna":"Camino Provincial","rtn":"T065-15","fun":"6","rst":"No pavimentado","hct":"Camino Terciario","ccn":"C.C. 065 - CINTRA","ccc":"CC065","rcc":"11","lzn":2.063,"red":"Terciaria"},"geometry":{"type":"LineString","coordinates":[[-62.6931429309,-32.4414910172787],[-62.6931766568,-32.441647525279],[-62.6932191262,-32.4418115360792],[-62.693252999,-32.4419531619794],[-62.6932686506,-32.4421541916797],[-62.6932798569,-32.44235891098],[-62.6932822095,-32.4425672890803],[-62.6932471269,-32.4427605547806],[-62.6931971279,-32.4429127534808],[-62.6931165626,-32.443034971481],[-62.6929830947,-32.4431568174812],[-62.6928456586,-32.4432339866813],[-62.6926819913,-32.4432886468814],[-62.6924126287,-32.4433314013815],[-62.6908019444,-32.4434763358817],[-62.6847954442,-32.4440291990825],[-62.684021505,-32.4441043977827],[-62.6837080501,-32.4441468205827],[-62.6821401701,-32.4444184507831],[-62.6812366198,-32.4446043384834],[-62.6799955529,-32.4448187375837],[-62.6762957748,-32.4454773487847],[-62.6734363539703,-32.4460076810153]]}},{"type":"Feature","properties":{"id":"11067","fna":"Camino Provincial T027-10","gna":"Camino Provincial","rtn":"T027-10","fun":"6","rst":"No pavimentado","hct":"Camino Terciario","ccn":"C.C. 027 - LEONES","ccc":"CC027","rcc":"19","lzn":1.029,"red":"Terciaria"},"geometry":{"type":"LineString","coordinates":[[-62.3296854468157,-32.5442337650514],[-62.3189570740477,-32.5461058342477]]}},{"type":"Feature","properties":{"id":"16704","fna":"Camino Provincial T269-27","gna":"Camino Provincial","rtn":"T269-27","fun":"6","rst":"No pavimentado","hct":"Camino Terciario","ccn":"C.C. 269 - SAN MARCOS SUD","ccc":"CC269","rcc":"19","lzn":1.89,"red":"Terciaria"},"geometry":{"type":"LineString","coordinates":[[-62.5088950285381,-32.6270570130511],[-62.5087540633,-32.6270716289585],[-62.508292823,-32.6271637528586],[-62.5071847164,-32.627371619059],[-62.4896110867,-32.6305351019637],[-62.4894285827,-32.6305576420637],[-62.4893040146999,-32.6305840408638],[-62.4892018079999,-32.6305580376637]]}},{"type":"Feature","properties":{"id":"11156","fna":"Camino Provincial T269-23","gna":"Camino Provincial","rtn":"T269-23","fun":"6","rst":"No pavimentado","hct":"Camino Terciario","ccn":"C.C. 269 - SAN MARCOS SUD","ccc":"CC269","rcc":"19","lzn":3.061,"red":"Terciaria"},"geometry":{"type":"LineString","coordinates":[[-62.4262480081219,-32.575381617884],[-62.3952025355999,-32.5807888385889],[-62.3946375595999,-32.5808912275891],[-62.3943133014702,-32.5809464246789]]}},{"type":"Feature","properties":{"id":"11258","fna":"Camino Provincial S384","gna":"Camino Provincial","rtn":"S384","fun":"6","rst":"No pavimentado","hct":"Provincial Secundaria","ccn":"C.C. 391 - COLONIA GENERAL BUSTOS","ccc":"CC391","rcc":"11","lzn":1.304,"red":"Secundaria"},"geometry":{"type":"LineString","coordinates":[[-62.5785044912183,-32.5665487477718],[-62.578679845,-32.5664751752674],[-62.592230456153,-32.5647976761907]]}},{"type":"Feature","properties":{"id":"11252","fna":"Ruta Provincial E59","gna":"Ruta Provincial","rtn":"E59","fun":"6","rst":"Pavimento","hct":"Provincial Primaria","ccn":"No aplica","ccc":"No aplica","lzn":1.384,"red":"Primaria"},"geometry":{"type":"LineString","coordinates":[[-62.3058685295258,-32.4922026155943],[-62.3059500870664,-32.4925421486349],[-62.3061118716434,-32.4932049523009],[-62.3065955193251,-32.4952012436008],[-62.3071271740075,-32.4974055508367],[-62.3076600478281,-32.4996061540877],[-62.308225678732,-32.5019370518328],[-62.3088298072216,-32.5044302715207]]}},{"type":"Feature","properties":{"id":"12433","fna":"Camino Provincial T027-10","gna":"Camino Provincial","rtn":"T027-10","fun":"6","rst":"No pavimentado","hct":"Camino Terciario","ccn":"C.C. 027 - LEONES","ccc":"CC027","rcc":"19","lzn":0.355,"red":"Terciaria"},"geometry":{"type":"LineString","coordinates":[[-62.3653533671501,-32.5380026832849],[-62.3616557657885,-32.5386491553474]]}},{"type":"Feature","properties":{"id":"11446","fna":"Camino Provincial S384","gna":"Camino Provincial","rtn":"S384","fun":"6","rst":"No pavimentado","hct":"Provincial Secundaria","ccn":"C.C. 391 - COLONIA GENERAL BUSTOS","ccc":"CC391","rcc":"11","lzn":6.348,"red":"Secundaria"},"geometry":{"type":"LineString","coordinates":[[-62.580330184601,-32.5306147075129],[-62.5802197518,-32.5305907418133],[-62.5800957473,-32.5305356055132],[-62.5800270234,-32.5304846795131],[-62.5799681251999,-32.530359970113],[-62.5799321802,-32.5302470543128],[-62.5730596969,-32.5048850479745],[-62.5650387636996,-32.474971932128]]}},{"type":"Feature","properties":{"id":"11586","fna":"Camino Provincial S384","gna":"Camino Provincial","rtn":"S384","fun":"6","rst":"No pavimentado","hct":"Provincial Secundaria","ccn":"C.C. 391 - COLONIA GENERAL BUSTOS","ccc":"CC391","rcc":"11","lzn":4.055,"red":"Secundaria"},"geometry":{"type":"LineString","coordinates":[[-62.5931659385,-32.5646466898646],[-62.5931897576,-32.5645158477644],[-62.5922441875,-32.5609829647591],[-62.5842477672,-32.5288782479107]]}},{"type":"Feature","properties":{"id":"11589","fna":"Camino Provincial T135-12","gna":"Camino Provincial","rtn":"T135-12","fun":"6","rst":"No pavimentado","hct":"Camino Terciario","ccn":"C.C. 135 - BELL VILLE","ccc":"CC135","rcc":"11","lzn":1.58,"red":"Terciaria"},"geometry":{"type":"LineString","coordinates":[[-62.5999478380469,-32.5237774007776],[-62.5997425325,-32.5238231381031],[-62.5995746361,-32.5238873242032],[-62.5976726616,-32.5245063801041],[-62.5929276995999,-32.5260469889065],[-62.5890566362,-32.5273258494084],[-62.5842477672,-32.5288782479107]]}},{"type":"Feature","properties":{"id":"11595","fna":"Camino Provincial T391-10","gna":"Camino Provincial","rtn":"T391-10","fun":"6","rst":"No pavimentado","hct":"Camino Terciario","ccn":"C.C. 391 - COLONIA GENERAL BUSTOS","ccc":"CC391","rcc":"11","lzn":0.627,"red":"Terciaria"},"geometry":{"type":"LineString","coordinates":[[-62.5719788823237,-32.567743791533],[-62.5785044912183,-32.5665487477718]]}},{"type":"Feature","properties":{"id":"11606","fna":"Camino Provincial T135-15","gna":"Camino Provincial","rtn":"T135-15","fun":"6","rst":"No pavimentado","hct":"Camino Terciario","ccn":"C.C. 135 - BELL VILLE","ccc":"CC135","rcc":"11","lzn":1.223,"red":"Terciaria"},"geometry":{"type":"LineString","coordinates":[[-62.6060239079488,-32.5631874164607],[-62.6023514771,-32.5636378437631],[-62.597222608,-32.564256094664],[-62.5934762168,-32.5647424324648],[-62.5933854388,-32.5647375926648],[-62.5933057752,-32.5647153187647],[-62.5931659385,-32.5646466898646]]}},{"type":"Feature","properties":{"id":"11627","fna":"Camino Provincial T135-06","gna":"Camino Provincial","rtn":"T135-06","fun":"6","rst":"No pavimentado","hct":"Camino Terciario","ccn":"C.C. 135 - BELL VILLE","ccc":"CC135","rcc":"11","lzn":1.794,"red":"Terciaria"},"geometry":{"type":"LineString","coordinates":[[-62.6816716737806,-32.5280929717253],[-62.6809773503,-32.5280571564095],[-62.6784814848,-32.5279561827094],[-62.6783865889,-32.5279663752094],[-62.6783165693,-32.5280121170094],[-62.6782768197,-32.5280729736095],[-62.6782786655,-32.5281336837096],[-62.678306159,-32.5282597176098],[-62.6790078277,-32.5311650251142],[-62.6790207855,-32.5312389098143],[-62.6790158493,-32.5312929642144],[-62.6789873995,-32.5313371138144],[-62.6789357501,-32.5313860869145],[-62.6788429033,-32.5314105543146],[-62.6774280626,-32.531702465115],[-62.6731873409,-32.5325515477162],[-62.6731146412,-32.5325726120163],[-62.6730601024,-32.5326094225164],[-62.6730237718,-32.5326409330164],[-62.6729995268,-32.5326986005165],[-62.6729994382,-32.5327665910166],[-62.6730234068,-32.5328500351167],[-62.6732649507,-32.533685774118],[-62.6732881838,-32.5337563586181],[-62.6732818657,-32.5338167164182],[-62.6732461524,-32.5338568849182],[-62.6731869028,-32.5338919878183],[-62.6731041961,-32.5339070279183],[-62.6728858223,-32.5339270870183],[-62.6692698557049,-32.5343582432992]]}},{"type":"Feature","properties":{"id":"11640","fna":"Camino Provincial T065-08","gna":"Camino Provincial","rtn":"T065-08","fun":"6","rst":"No pavimentado","hct":"Camino Terciario","ccn":"C.C. 065 - CINTRA","ccc":"CC065","rcc":"11","lzn":1.476,"red":"Terciaria"},"geometry":{"type":"LineString","coordinates":[[-62.7551052590801,-32.4026477152289],[-62.7558935933,-32.4058441409247],[-62.7561415214198,-32.4068547161379]]}},{"type":"Feature","properties":{"id":"11782","fna":"Camino Provincial T027-01","gna":"Camino Provincial","rtn":"T027-01","fun":"6","rst":"No pavimentado","hct":"Camino Terciario","ccn":"C.C. 027 - LEONES","ccc":"CC027","rcc":"19","lzn":3.068,"red":"Terciaria"},"geometry":{"type":"LineString","coordinates":[[-62.3730339025866,-32.584672240982],[-62.366337829045,-32.5575917408501]]}},{"type":"Feature","properties":{"id":"12014","fna":"Camino Provincial T027-09","gna":"Camino Provincial","rtn":"T027-09","fun":"6","rst":"No pavimentado","hct":"Camino Terciario","ccn":"C.C. 027 - LEONES","ccc":"CC027","rcc":"19","lzn":2.03,"red":"Terciaria"},"geometry":{"type":"LineString","coordinates":[[-62.3987956339906,-32.5988554235479],[-62.3943133014702,-32.5809464246789]]}},{"type":"Feature","properties":{"id":"12176","fna":"Acceso A581","gna":"Acceso","rtn":"A581","fun":"6","rst":"Pavimento","hct":"Provincial Secundaria","ccn":"No aplica","ccc":"No aplica","lzn":0.045,"red":"Secundaria"},"geometry":{"type":"LineString","coordinates":[[-62.6810259517228,-32.5798218728706],[-62.6811011860564,-32.5798105284062],[-62.6812633982019,-32.5797919382618],[-62.6815024004012,-32.5797846385436]]}},{"type":"Feature","properties":{"id":"20742","fna":"Camino Provincial T269-05","gna":"Camino Provincial","rtn":"T269-05","fun":"6","rst":"No pavimentado","hct":"Camino Terciario","ccn":"C.C. 269 - SAN MARCOS SUD","ccc":"CC269","rcc":"19","lzn":4.263,"red":"Terciaria"},"geometry":{"type":"LineString","coordinates":[[-62.4714580299321,-32.5702183636739],[-62.4712371208999,-32.570239533373],[-62.4705977286999,-32.5703392870732],[-62.4700405373,-32.5704397718733],[-62.4698141260999,-32.5704887936734],[-62.4696702399,-32.5705129902735],[-62.4695480511,-32.5705083769735],[-62.4694506976,-32.5704549229734],[-62.4693996548,-32.5703856977733],[-62.4693679746999,-32.5702925160731],[-62.4606418139614,-32.5345320762608]]}},{"type":"Feature","properties":{"id":"12800","fna":"Camino Provincial T135-06","gna":"Camino Provincial","rtn":"T135-06","fun":"6","rst":"No pavimentado","hct":"Camino Terciario","ccn":"C.C. 135 - BELL VILLE","ccc":"CC135","rcc":"11","lzn":1.117,"red":"Terciaria"},"geometry":{"type":"LineString","coordinates":[[-62.6935299054695,-32.5287751765821],[-62.6931517641172,-32.528758864652],[-62.6931292764,-32.5287560642105],[-62.6928531749,-32.5287116000105],[-62.6925177732,-32.5286621161104],[-62.692317407,-32.5286323804104],[-62.6920406892,-32.5286175574104],[-62.6906022523,-32.5285532940103],[-62.6816716737806,-32.5280929717253]]}},{"type":"Feature","properties":{"id":"13189","fna":"Camino Provincial T269-08","gna":"Camino Provincial","rtn":"T269-08","fun":"6","rst":"No pavimentado","hct":"Camino Terciario","ccn":"C.C. 269 - SAN MARCOS SUD","ccc":"CC269","rcc":"19","lzn":2.59,"red":"Terciaria"},"geometry":{"type":"LineString","coordinates":[[-62.4506671758637,-32.6618500126152],[-62.4557714124361,-32.6822383260479]]}},{"type":"Feature","properties":{"id":"13491","fna":"Camino Provincial T391-11","gna":"Camino Provincial","rtn":"T391-11","fun":"6","rst":"No pavimentado","hct":"Camino Terciario","ccn":"C.C. 391 - COLONIA GENERAL BUSTOS","ccc":"CC391","rcc":"11","lzn":0.052,"red":"Terciaria"},"geometry":{"type":"LineString","coordinates":[[-62.5638477242807,-32.5351831828967],[-62.5633011901336,-32.5350946028932]]}},{"type":"Feature","properties":{"id":"13602","fna":"Camino Provincial T027-09","gna":"Camino Provincial","rtn":"T027-09","fun":"6","rst":"No pavimentado","hct":"Camino Terciario","ccn":"C.C. 027 - LEONES","ccc":"CC027","rcc":"19","lzn":2.04,"red":"Terciaria"},"geometry":{"type":"LineString","coordinates":[[-62.3943133014702,-32.5809464246789],[-62.3730339025866,-32.584672240982]]}},{"type":"Feature","properties":{"id":"13680","fna":"Camino Provincial T135-08","gna":"Camino Provincial","rtn":"T135-08","fun":"6","rst":"No pavimentado","hct":"Camino Terciario","ccn":"C.C. 135 - BELL VILLE","ccc":"CC135","rcc":"11","lzn":2.097,"red":"Terciaria"},"geometry":{"type":"MultiLineString","coordinates":[[[-62.6931026347642,-32.5800701960111],[-62.6931528096523,-32.5802625071346],[-62.6947910855,-32.5869028522982],[-62.6948143991,-32.5869902735983],[-62.6948135412,-32.5870620975984],[-62.6947824843,-32.5871131423984],[-62.6947208607,-32.5871741894985],[-62.6917998047,-32.5902954496033],[-62.6916909570811,-32.5904100559991]],[[-62.6899616487358,-32.5914890886428],[-62.6875744587,-32.5927639962069],[-62.6843149029,-32.5945141601096],[-62.684302941223,-32.594524035055]]]}},{"type":"Feature","properties":{"id":"13741","fna":"Camino Provincial T269-08","gna":"Camino Provincial","rtn":"T269-08","fun":"6","rst":"No pavimentado","hct":"Camino Terciario","ccn":"C.C. 269 - SAN MARCOS SUD","ccc":"CC269","rcc":"19","lzn":2.494,"red":"Terciaria"},"geometry":{"type":"LineString","coordinates":[[-62.4449990076968,-32.6389118523644],[-62.4504347228086,-32.6609209262909]]}},{"type":"Feature","properties":{"id":"13742","fna":"Camino Provincial T269-18","gna":"Camino Provincial","rtn":"T269-18","fun":"6","rst":"No pavimentado","hct":"Camino Terciario","ccn":"C.C. 269 - SAN MARCOS SUD","ccc":"CC269","rcc":"19","lzn":2.492,"red":"Terciaria"},"geometry":{"type":"LineString","coordinates":[[-62.4167874032615,-32.6439369325581],[-62.4169263748895,-32.6444916444038]]}},{"type":"Feature","properties":{"id":"13752","fna":"Camino Provincial T269-07","gna":"Camino Provincial","rtn":"T269-07","fun":"6","rst":"No pavimentado","hct":"Camino Terciario","ccn":"C.C. 269 - SAN MARCOS SUD","ccc":"CC269","rcc":"19","lzn":1.43,"red":"Terciaria"},"geometry":{"type":"LineString","coordinates":[[-62.4150616015042,-32.6319439663051],[-62.4169897293,-32.6396266424774],[-62.4177096657,-32.6423539090815],[-62.4178583412,-32.6429549618824],[-62.4178982918,-32.6430970346826],[-62.4178322796,-32.6432606050828],[-62.4176967212,-32.643353162983],[-62.4172885403999,-32.6434282190831],[-62.4170755904,-32.6434659728831],[-62.4168587193999,-32.6435339316832],[-62.4167477395,-32.6436761502834],[-62.4167874032615,-32.6439369325581]]}},{"type":"Feature","properties":{"id":"13753","fna":"Camino Provincial T269-07","gna":"Camino Provincial","rtn":"T269-07","fun":"6","rst":"No pavimentado","hct":"Camino Terciario","ccn":"C.C. 269 - SAN MARCOS SUD","ccc":"CC269","rcc":"19","lzn":1.301,"red":"Terciaria"},"geometry":{"type":"LineString","coordinates":[[-62.4121832504444,-32.6204726654577],[-62.4150616015042,-32.6319439663051]]}},{"type":"Feature","properties":{"id":"13830","fna":"Acceso A581","gna":"Acceso","rtn":"A581","fun":"6","rst":"Pavimento","hct":"Provincial Secundaria","ccn":"No aplica","ccc":"No aplica","lzn":0.086,"red":"Secundaria"},"geometry":{"type":"LineString","coordinates":[[-62.6839332948426,-32.5939297832563],[-62.6839697180209,-32.5940763295738],[-62.6839745686167,-32.5942328258905],[-62.6839794189025,-32.5943463601268],[-62.6840017123642,-32.5944678806213],[-62.6840303352443,-32.5945800319563],[-62.6840716318022,-32.5946894899814]]}},{"type":"Feature","properties":{"id":"14038","fna":"Camino Provincial T269-14","gna":"Camino Provincial","rtn":"T269-14","fun":"6","rst":"No pavimentado","hct":"Camino Terciario","ccn":"C.C. 269 - SAN MARCOS SUD","ccc":"CC269","rcc":"19","lzn":1.291,"red":"Terciaria"},"geometry":{"type":"LineString","coordinates":[[-62.4641312732049,-32.6594509779318],[-62.4506671758637,-32.6618500126152]]}},{"type":"Feature","properties":{"id":"14171","fna":"Camino Provincial T269-16","gna":"Camino Provincial","rtn":"T269-16","fun":"6","rst":"No pavimentado","hct":"Camino Terciario","ccn":"C.C. 269 - SAN MARCOS SUD","ccc":"CC269","rcc":"19","lzn":1.287,"red":"Terciaria"},"geometry":{"type":"LineString","coordinates":[[-62.4584197114601,-32.6365189123079],[-62.4449990076968,-32.6389118523644]]}},{"type":"Feature","properties":{"id":"15034","fna":"Camino Provincial T269-14","gna":"Camino Provincial","rtn":"T269-14","fun":"6","rst":"No pavimentado","hct":"Camino Terciario","ccn":"C.C. 269 - SAN MARCOS SUD","ccc":"CC269","rcc":"19","lzn":2.697,"red":"Terciaria"},"geometry":{"type":"LineString","coordinates":[[-62.4504347228086,-32.6609209262909],[-62.4502442318221,-32.6609547396024]]}},{"type":"Feature","properties":{"id":"15462","fna":"Camino Provincial S331","gna":"Camino Provincial","rtn":"S331","fun":"6","rst":"No pavimentado","hct":"Provincial Secundaria","ccn":"C.C. 269 - SAN MARCOS SUD","ccc":"CC269","rcc":"19","lzn":0.845,"red":"Secundaria"},"geometry":{"type":"LineString","coordinates":[[-62.4711462638485,-32.5867672522481],[-62.4709431754999,-32.5865239064976],[-62.4706789351999,-32.5863423885973],[-62.4704703343,-32.5862252895971],[-62.4702200382999,-32.586155061197],[-62.4699141456,-32.586143422397],[-62.4627043090999,-32.5874214065989],[-62.4625827815563,-32.5874377605201]]}},{"type":"Feature","properties":{"id":"15487","fna":"Camino Provincial S331","gna":"Camino Provincial","rtn":"S331","fun":"6","rst":"No pavimentado","hct":"Provincial Secundaria","ccn":"C.C. 132 - NOETINGER","ccc":"CC132","rcc":"19","lzn":1.894,"red":"Secundaria"},"geometry":{"type":"LineString","coordinates":[[-62.3475270202136,-32.4145008016245],[-62.3476489978679,-32.4149945662071]]}},{"type":"Feature","properties":{"id":"15494","fna":"Camino Provincial T269-08","gna":"Camino Provincial","rtn":"T269-08","fun":"6","rst":"No pavimentado","hct":"Camino Terciario","ccn":"C.C. 269 - SAN MARCOS SUD","ccc":"CC269","rcc":"19","lzn":1.337,"red":"Terciaria"},"geometry":{"type":"LineString","coordinates":[[-62.4420719799958,-32.627114630162],[-62.4421552916,-32.627375160259],[-62.4422870583,-32.6279272169598],[-62.4449990076968,-32.6389118523644]]}},{"type":"Feature","properties":{"id":"15548","fna":"Camino Provincial S331","gna":"Camino Provincial","rtn":"S331","fun":"6","rst":"No pavimentado","hct":"Provincial Secundaria","ccn":"C.C. 269 - SAN MARCOS SUD","ccc":"CC269","rcc":"19","lzn":1.949,"red":"Secundaria"},"geometry":{"type":"LineString","coordinates":[[-62.4839397513,-32.6379220742748],[-62.4848833662999,-32.6415303512802],[-62.4853181856,-32.6429422867823],[-62.4862966036999,-32.6464603409876],[-62.4868256965,-32.6485653451908],[-62.4884411784966,-32.6550777882509]]}},{"type":"Feature","properties":{"id":"15563","fna":"Camino Provincial T391-12","gna":"Camino Provincial","rtn":"T391-12","fun":"6","rst":"No pavimentado","hct":"Camino Terciario","ccn":"C.C. 391 - COLONIA GENERAL BUSTOS","ccc":"CC391","rcc":"11","lzn":1.298,"red":"Terciaria"},"geometry":{"type":"LineString","coordinates":[[-62.5294214223272,-32.5153983990883],[-62.5321936781,-32.5148458212895],[-62.5427208829999,-32.5127618772864],[-62.5428786279717,-32.5127414896168]]}},{"type":"Feature","properties":{"id":"15818","fna":"Camino Provincial T055-06","gna":"Camino Provincial","rtn":"T055-06","fun":"6","rst":"No pavimentado","hct":"Camino Terciario","ccn":"C.C. 055 - MÓRRISON","ccc":"CC055","rcc":"11","lzn":10.201,"red":"Terciaria"},"geometry":{"type":"LineString","coordinates":[[-62.7479625017316,-32.4853833579175],[-62.7476773325,-32.4853924874451],[-62.7474731034,-32.485331926645],[-62.7473508165,-32.4851687967447],[-62.7472986454,-32.4850591867446],[-62.7472643393,-32.484697928144],[-62.74724178,-32.4844679148437],[-62.7471592384,-32.4840887622431],[-62.7356931912,-32.4375406850727]]}},{"type":"Feature","properties":{"id":"15827","fna":"Camino Provincial T065-14","gna":"Camino Provincial","rtn":"T065-14","fun":"6","rst":"No pavimentado","hct":"Camino Terciario","ccn":"C.C. 065 - CINTRA","ccc":"CC065","rcc":"11","lzn":3.852,"red":"Terciaria"},"geometry":{"type":"LineString","coordinates":[[-62.7478013710477,-32.4038307658477],[-62.748105866,-32.4050824376235],[-62.7485787175876,-32.407005828408]]}},{"type":"Feature","properties":{"id":"15859","fna":"Camino Provincial S384","gna":"Camino Provincial","rtn":"S384","fun":"6","rst":"No pavimentado","hct":"Provincial Secundaria","ccn":"C.C. 028 - CHILIBROSTE","ccc":"CC028","rcc":"11","lzn":4.913,"red":"Secundaria"},"geometry":{"type":"LineString","coordinates":[[-62.5392608347071,-32.403897634354],[-62.5396463641697,-32.4052665705975]]}},{"type":"Feature","properties":{"id":"15856","fna":"Camino Provincial T391-13","gna":"Camino Provincial","rtn":"T391-13","fun":"6","rst":"No pavimentado","hct":"Camino Terciario","ccn":"C.C. 391 - COLONIA GENERAL BUSTOS","ccc":"CC391","rcc":"11","lzn":5.092,"red":"Terciaria"},"geometry":{"type":"LineString","coordinates":[[-62.5305747143,-32.4680216836188],[-62.5314237775,-32.4711494464236],[-62.5332673036,-32.478037016334],[-62.5336619136,-32.4793199538359],[-62.536162532,-32.4883153097495],[-62.5381680697,-32.4956237647605],[-62.5402415243,-32.5031276849719],[-62.542359902,-32.5108198048835],[-62.5428786279717,-32.5127414896168]]}},{"type":"Feature","properties":{"id":"15862","fna":"Camino Provincial T028-09","gna":"Camino Provincial","rtn":"T028-09","fun":"6","rst":"No pavimentado","hct":"Camino Terciario","ccn":"C.C. 028 - CHILIBROSTE","ccc":"CC028","rcc":"11","lzn":4.862,"red":"Terciaria"},"geometry":{"type":"LineString","coordinates":[[-62.4672626974846,-32.4158414424374],[-62.4674132344,-32.4164588457408],[-62.4677030544736,-32.417618842896]]}},{"type":"Feature","properties":{"id":"15881","fna":"Camino Provincial T028-19","gna":"Camino Provincial","rtn":"T028-19","fun":"6","rst":"No pavimentado","hct":"Camino Terciario","ccn":"C.C. 028 - CHILIBROSTE","ccc":"CC028","rcc":"11","lzn":6.905,"red":"Terciaria"},"geometry":{"type":"LineString","coordinates":[[-62.5396463641697,-32.4052665705975],[-62.5395398085,-32.4053004433239],[-62.5367215297,-32.4057844156246],[-62.5323959317,-32.4065243671257],[-62.5268573553999,-32.4074615410272],[-62.5204357448999,-32.4085572830288],[-62.5160842170999,-32.4092998444299],[-62.5113035553,-32.4100989489312],[-62.510158418,-32.4102960851315],[-62.5096332786999,-32.4103842084316],[-62.5073881681,-32.4107595943322],[-62.5033138496,-32.4114558361332],[-62.4978491164,-32.4123758101346],[-62.4937356065999,-32.4130869669357],[-62.4896940876,-32.4137987299368],[-62.4845047006,-32.4147063325381],[-62.4793431387999,-32.4155965783395],[-62.4740726627,-32.4165023605409],[-62.4677030544736,-32.417618842896]]}},{"type":"Feature","properties":{"id":"15883","fna":"Camino Provincial T028-19","gna":"Camino Provincial","rtn":"T028-19","fun":"6","rst":"No pavimentado","hct":"Camino Terciario","ccn":"C.C. 028 - CHILIBROSTE","ccc":"CC028","rcc":"11","lzn":0.218,"red":"Terciaria"},"geometry":{"type":"LineString","coordinates":[[-62.4677030544736,-32.417618842896],[-62.4675674732,-32.4176723922426],[-62.4654402625999,-32.4180412639432]]}},{"type":"Feature","properties":{"id":"15887","fna":"Camino Provincial S384","gna":"Camino Provincial","rtn":"S384","fun":"6","rst":"No pavimentado","hct":"Provincial Secundaria","ccn":"C.C. 028 - CHILIBROSTE","ccc":"CC028","rcc":"11","lzn":8.651,"red":"Secundaria"},"geometry":{"type":"LineString","coordinates":[[-62.5396463641697,-32.4052665705975],[-62.5397590104,-32.4052795681238],[-62.5456134194,-32.4042392102223],[-62.5458471315,-32.4042090178222],[-62.5459549733,-32.4042763375223],[-62.546040541,-32.4044896848227],[-62.547277245,-32.4089839370295],[-62.5513020018,-32.4240516831523],[-62.552192918,-32.4274396540574],[-62.5529553224999,-32.4301573924616],[-62.5553249349999,-32.4389509560749],[-62.5563881709999,-32.4428668421808],[-62.5566553896,-32.4439718225824],[-62.5574894936999,-32.4471413771873],[-62.5613849939,-32.4614265697089],[-62.5650387636996,-32.474971932128]]}},{"type":"Feature","properties":{"id":"16208","fna":"Camino Provincial S331","gna":"Camino Provincial","rtn":"S331","fun":"6","rst":"No pavimentado","hct":"Provincial Secundaria","ccn":"C.C. 269 - SAN MARCOS SUD","ccc":"CC269","rcc":"19","lzn":2.117,"red":"Secundaria"},"geometry":{"type":"LineString","coordinates":[[-62.4823970530277,-32.6804042172308],[-62.4823007971,-32.680734926339],[-62.4815876612999,-32.6961921942622],[-62.4815851011,-32.6966892442629],[-62.4815980885,-32.6970356537634],[-62.4816043661,-32.6972339490637],[-62.4815341437,-32.6975155716641],[-62.4814884074,-32.6977671584645],[-62.4814667105051,-32.6979052569991]]}},{"type":"Feature","properties":{"id":"16419","fna":"Camino Provincial S331","gna":"Camino Provincial","rtn":"S331","fun":"6","rst":"No pavimentado","hct":"Provincial Secundaria","ccn":"C.C. 132 - NOETINGER","ccc":"CC132","rcc":"19","lzn":3.334,"red":"Secundaria"},"geometry":{"type":"LineString","coordinates":[[-62.3476489978679,-32.4149945662071],[-62.3488077060809,-32.4197581414732],[-62.3496720347966,-32.4233510208056],[-62.3507011471662,-32.4275671650602],[-62.3514332669613,-32.4306034262312],[-62.3520530806534,-32.4331392584381],[-62.3547784118955,-32.4444451685629]]}},{"type":"Feature","properties":{"id":"16277","fna":"Camino Provincial T269-33","gna":"Camino Provincial","rtn":"T269-33","fun":"6","rst":"No pavimentado","hct":"Camino Terciario","ccn":"C.C. 269 - SAN MARCOS SUD","ccc":"CC269","rcc":"19","lzn":5.115,"red":"Terciaria"},"geometry":{"type":"LineString","coordinates":[[-62.419689566468,-32.5483348232758],[-62.366337829045,-32.5575917408501]]}},{"type":"Feature","properties":{"id":"16290","fna":"Camino Provincial S331","gna":"Camino Provincial","rtn":"S331","fun":"6","rst":"No pavimentado","hct":"Provincial Secundaria","ccn":"C.C. 132 - NOETINGER","ccc":"CC132","rcc":"19","lzn":3.395,"red":"Secundaria"},"geometry":{"type":"LineString","coordinates":[[-62.3648491570793,-32.4818802627046],[-62.3752157051789,-32.4800575654611],[-62.3763180181172,-32.4798814588725],[-62.3806916974472,-32.4791146708366],[-62.3902995581491,-32.4774317967406],[-62.3963958031159,-32.4763584787534],[-62.3986872002697,-32.4759616321602],[-62.3988560434423,-32.4759375861594],[-62.3990002321806,-32.4759423547598],[-62.3991406301796,-32.475958327641],[-62.3993167424904,-32.4759995154354],[-62.3994590482757,-32.4760474977373],[-62.3995691028317,-32.4760986884228],[-62.3996829551326,-32.4761594811866],[-62.3997873305911,-32.4762474847927],[-62.3998879125123,-32.4763370897826],[-62.4000032241596,-32.4764921520462]]}},{"type":"Feature","properties":{"id":"16293","fna":"Camino Provincial S331","gna":"Camino Provincial","rtn":"S331","fun":"6","rst":"No pavimentado","hct":"Provincial Secundaria","ccn":"C.C. 132 - NOETINGER","ccc":"CC132","rcc":"19","lzn":2.733,"red":"Secundaria"},"geometry":{"type":"LineString","coordinates":[[-62.3581577296653,-32.4583683410467],[-62.3586957082421,-32.4606092416628],[-62.3594164940815,-32.4636633771635],[-62.3606710326088,-32.468854290977],[-62.3636122141526,-32.4812114207344],[-62.3637209520175,-32.4814063729852],[-62.3638364922833,-32.4815325209702],[-62.3639264643681,-32.4816277517425],[-62.3640340895483,-32.4817006662854],[-62.3641515002104,-32.4817625760273],[-62.3642738046173,-32.4818052268433],[-62.3644091551057,-32.4818520051844],[-62.364585276622,-32.4818726478535],[-62.3648491570793,-32.4818802627046]]}},{"type":"Feature","properties":{"id":"16350","fna":"Camino Provincial S331","gna":"Camino Provincial","rtn":"S331","fun":"6","rst":"No pavimentado","hct":"Provincial Secundaria","ccn":"C.C. 269 - SAN MARCOS SUD","ccc":"CC269","rcc":"19","lzn":0.136,"red":"Secundaria"},"geometry":{"type":"LineString","coordinates":[[-62.4153241872751,-32.5302716277819],[-62.4152209448999,-32.5302433829128],[-62.4149240276999,-32.5301639278127],[-62.413960978409,-32.5298662923984]]}},{"type":"Feature","properties":{"id":"16417","fna":"Camino Provincial S331","gna":"Camino Provincial","rtn":"S331","fun":"6","rst":"No pavimentado","hct":"Provincial Secundaria","ccn":"C.C. 132 - NOETINGER","ccc":"CC132","rcc":"19","lzn":1.576,"red":"Secundaria"},"geometry":{"type":"LineString","coordinates":[[-62.3547784118955,-32.4444451685629],[-62.354842601633,-32.4447114230365],[-62.3555925352825,-32.4477749034272],[-62.3580192504272,-32.4577915006568],[-62.3581577296653,-32.4583683410467]]}},{"type":"Feature","properties":{"id":"16625","fna":"Camino Provincial T269-30","gna":"Camino Provincial","rtn":"T269-30","fun":"6","rst":"No pavimentado","hct":"Camino Terciario","ccn":"C.C. 269 - SAN MARCOS SUD","ccc":"CC269","rcc":"19","lzn":2.599,"red":"Terciaria"},"geometry":{"type":"LineString","coordinates":[[-62.4584197114601,-32.6365189123079],[-62.4584325084999,-32.6366770335729],[-62.4585561241,-32.6370906527736],[-62.4586429877999,-32.6374592528741],[-62.4640381254999,-32.6590959639066],[-62.4641312732049,-32.6594509779318]]}},{"type":"Feature","properties":{"id":"16629","fna":"Camino Provincial T269-28","gna":"Camino Provincial","rtn":"T269-28","fun":"6","rst":"No pavimentado","hct":"Camino Terciario","ccn":"C.C. 269 - SAN MARCOS SUD","ccc":"CC269","rcc":"19","lzn":2.32,"red":"Terciaria"},"geometry":{"type":"LineString","coordinates":[[-62.430599050666,-32.593133234723],[-62.4305221589,-32.5932078818076],[-62.4302189246999,-32.5932403090077],[-62.4069665565,-32.5973941183139],[-62.4066863690999,-32.5974275625139],[-62.4064583038238,-32.5974816057905]]}},{"type":"Feature","properties":{"id":"16640","fna":"Camino Provincial T269-28","gna":"Camino Provincial","rtn":"T269-28","fun":"6","rst":"No pavimentado","hct":"Camino Terciario","ccn":"C.C. 269 - SAN MARCOS SUD","ccc":"CC269","rcc":"19","lzn":1.261,"red":"Terciaria"},"geometry":{"type":"LineString","coordinates":[[-62.4064583038238,-32.5974816057905],[-62.4065597924,-32.5978818003147],[-62.409142443,-32.6083782351304],[-62.4092056922,-32.6086104199308]]}},{"type":"Feature","properties":{"id":"16706","fna":"Camino Provincial T269-16","gna":"Camino Provincial","rtn":"T269-16","fun":"6","rst":"No pavimentado","hct":"Camino Terciario","ccn":"C.C. 269 - SAN MARCOS SUD","ccc":"CC269","rcc":"19","lzn":1.71,"red":"Terciaria"},"geometry":{"type":"LineString","coordinates":[[-62.4761030403,-32.6336705368684],[-62.4760210282,-32.6336361146684],[-62.4759939173999,-32.6335536251682],[-62.4759501614,-32.6334867620681],[-62.4758948508999,-32.6334334112681],[-62.4757900382,-32.633415868568],[-62.4756634818,-32.6334420112681],[-62.4584197114601,-32.6365189123079]]}},{"type":"Feature","properties":{"id":"16690","fna":"Camino Provincial T269-19","gna":"Camino Provincial","rtn":"T269-19","fun":"6","rst":"No pavimentado","hct":"Camino Terciario","ccn":"C.C. 269 - SAN MARCOS SUD","ccc":"CC269","rcc":"19","lzn":2.594,"red":"Terciaria"},"geometry":{"type":"LineString","coordinates":[[-62.4121832504444,-32.6204726654577],[-62.4111257772268,-32.6206623109962]]}},{"type":"Feature","properties":{"id":"16911","fna":"Camino Provincial T027-08","gna":"Camino Provincial","rtn":"T027-08","fun":"6","rst":"No pavimentado","hct":"Camino Terciario","ccn":"C.C. 027 - LEONES","ccc":"CC027","rcc":"19","lzn":4.463,"red":"Terciaria"},"geometry":{"type":"LineString","coordinates":[[-62.3773163662785,-32.6027036580158],[-62.3767854229532,-32.6027989805929]]}},{"type":"Feature","properties":{"id":"16908","fna":"Camino Provincial T027-09","gna":"Camino Provincial","rtn":"T027-09","fun":"6","rst":"No pavimentado","hct":"Camino Terciario","ccn":"C.C. 027 - LEONES","ccc":"CC027","rcc":"19","lzn":4.111,"red":"Terciaria"},"geometry":{"type":"LineString","coordinates":[[-62.3730339025866,-32.584672240982],[-62.3723173688321,-32.5847976524144]]}},{"type":"Feature","properties":{"id":"18852","fna":"Camino Provincial T269-25","gna":"Camino Provincial","rtn":"T269-25","fun":"6","rst":"No pavimentado","hct":"Camino Terciario","ccn":"C.C. 269 - SAN MARCOS SUD","ccc":"CC269","rcc":"19","lzn":5.291,"red":"Terciaria"},"geometry":{"type":"LineString","coordinates":[[-62.4365078138123,-32.5266343823211],[-62.4300951094,-32.4998618925669],[-62.4300456858,-32.4997195754667],[-62.4300045044,-32.4996223846666],[-62.4299633369,-32.4995842067665],[-62.4297411862,-32.4995945174665],[-62.4067458391577,-32.5036487451784]]}},{"type":"Feature","properties":{"id":"19200","fna":"Camino Provincial T065-32","gna":"Camino Provincial","rtn":"T065-32","fun":"6","rst":"No pavimentado","hct":"Camino Terciario","ccn":"C.C. 065 - CINTRA","ccc":"CC065","rcc":"11","lzn":2.513,"red":"Terciaria"},"geometry":{"type":"LineString","coordinates":[[-62.68732749465,-32.4194922354494],[-62.6876332837,-32.4196203099456],[-62.6876922375,-32.4197219615457],[-62.687761877,-32.4199552937461],[-62.6886033545,-32.4233829913513],[-62.6904367551,-32.4308121134625],[-62.6925074969,-32.4391737925752],[-62.6927804231,-32.4402762477769],[-62.6929459504,-32.4408812011778],[-62.6930887879,-32.4413557699785],[-62.6931429309,-32.4414910172787]]}},{"type":"Feature","properties":{"id":"19328","fna":"Camino Provincial T391-06","gna":"Camino Provincial","rtn":"T391-06","fun":"6","rst":"No pavimentado","hct":"Camino Terciario","ccn":"C.C. 391 - COLONIA GENERAL BUSTOS","ccc":"CC391","rcc":"11","lzn":0.473,"red":"Terciaria"},"geometry":{"type":"LineString","coordinates":[[-62.5464597775864,-32.5723076056406],[-62.5474773009,-32.5720916258758],[-62.5512263843,-32.5714133053748],[-62.551266854,-32.5714159892748],[-62.5513773487679,-32.5714320067373]]}},{"type":"Feature","properties":{"id":"19351","fna":"Camino Provincial T391-08","gna":"Camino Provincial","rtn":"T391-08","fun":"6","rst":"No pavimentado","hct":"Camino Terciario","ccn":"C.C. 391 - COLONIA GENERAL BUSTOS","ccc":"CC391","rcc":"11","lzn":0.339,"red":"Terciaria"},"geometry":{"type":"LineString","coordinates":[[-62.5970902007999,-32.584161005694],[-62.5970999629,-32.5842377325941],[-62.5971269941,-32.5843381648943],[-62.5972887571,-32.5849849839953],[-62.5978423250357,-32.5871494716523]]}},{"type":"Feature","properties":{"id":"19428","fna":"Camino Provincial T027-08","gna":"Camino Provincial","rtn":"T027-08","fun":"6","rst":"No pavimentado","hct":"Camino Terciario","ccn":"C.C. 027 - LEONES","ccc":"CC027","rcc":"19","lzn":0.205,"red":"Terciaria"},"geometry":{"type":"LineString","coordinates":[[-62.3794505071419,-32.6023214812929],[-62.3773163662785,-32.6027036580158]]}},{"type":"Feature","properties":{"id":"19448","fna":"Camino Provincial T269-01","gna":"Camino Provincial","rtn":"T269-01","fun":"6","rst":"No pavimentado","hct":"Camino Terciario","ccn":"C.C. 269 - SAN MARCOS SUD","ccc":"CC269","rcc":"19","lzn":1.701,"red":"Terciaria"},"geometry":{"type":"LineString","coordinates":[[-62.4750988419405,-32.5852092793919],[-62.4751814230999,-32.5851033244954],[-62.4751421171,-32.5849344848952],[-62.475086335,-32.5847140155948],[-62.4715835629,-32.5707002398737],[-62.4714580299321,-32.5702183636739]]}},{"type":"Feature","properties":{"id":"19622","fna":"Camino Provincial T135-13","gna":"Camino Provincial","rtn":"T135-13","fun":"6","rst":"No pavimentado","hct":"Camino Terciario","ccn":"C.C. 135 - BELL VILLE","ccc":"CC135","rcc":"11","lzn":1.606,"red":"Terciaria"},"geometry":{"type":"LineString","coordinates":[[-62.6348890914573,-32.5784707073663],[-62.6351362776903,-32.5793739010198],[-62.6351735152,-32.5795573570871],[-62.6352367151,-32.5798571203875],[-62.6353770165,-32.5803441210882],[-62.6356343169,-32.5813838991898],[-62.6356615059,-32.5815531038901],[-62.6356684926,-32.5816658108903],[-62.6356542085,-32.5818100165905],[-62.6356138777,-32.5820349628908],[-62.6347020051,-32.5872640001987],[-62.6338164034,-32.5924057951064],[-62.6337954533829,-32.5927691665047]]}},{"type":"Feature","properties":{"id":"19666","fna":"Camino Provincial T135-07","gna":"Camino Provincial","rtn":"T135-07","fun":"6","rst":"No pavimentado","hct":"Camino Terciario","ccn":"C.C. 135 - BELL VILLE","ccc":"CC135","rcc":"11","lzn":1.249,"red":"Terciaria"},"geometry":{"type":"LineString","coordinates":[[-62.6776698340477,-32.5684111759372],[-62.6781469129,-32.5703171435732],[-62.6781764215,-32.5704337808733],[-62.6781868345,-32.5705457997735],[-62.6781971286,-32.5706492936737],[-62.6781924445691,-32.570673123845],[-62.6781668866631,-32.5707844063225],[-62.6781010425469,-32.570928332714],[-62.6780163248298,-32.5711135135223],[-62.6779019660693,-32.5713634840907],[-62.6778852513,-32.5713974048748],[-62.6778771459,-32.5714549356749],[-62.677907147,-32.571504119275],[-62.6780039336,-32.571549092775],[-62.6781340432,-32.5715980432751],[-62.6783691912,-32.5716712527752],[-62.6784363819,-32.5717037177753],[-62.6784845704,-32.5717482860753],[-62.6785185292,-32.5718048813754],[-62.6785574382,-32.5718894979755],[-62.6785778473,-32.5720337909758],[-62.6787526186,-32.5727987877769],[-62.6803217060495,-32.5791007460274]]}},{"type":"Feature","properties":{"id":"20333","fna":"Camino Provincial T135-01","gna":"Camino Provincial","rtn":"T135-01","fun":"6","rst":"No pavimentado","hct":"Camino Terciario","ccn":"C.C. 135 - BELL VILLE","ccc":"CC135","rcc":"11","lzn":9.837,"red":"Terciaria"},"geometry":{"type":"LineString","coordinates":[[-62.7080207540857,-32.4388836545265],[-62.7079950393956,-32.4390086081906],[-62.7088909924535,-32.442052599095],[-62.7105054579894,-32.4485138764385],[-62.7120464248932,-32.4548026995206],[-62.7145233429359,-32.4648049026062],[-62.7160495699385,-32.471003210625],[-62.7180281273764,-32.4789212498957],[-62.7202736156825,-32.4880064664989],[-62.7230841476635,-32.4992757342843],[-62.7252040292431,-32.5078023553356],[-62.7270883898403,-32.5154420210401],[-62.7296605709815,-32.5256620748508]]}},{"type":"Feature","properties":{"id":"20585","fna":"Camino Provincial T269-13","gna":"Camino Provincial","rtn":"T269-13","fun":"6","rst":"No pavimentado","hct":"Camino Terciario","ccn":"C.C. 269 - SAN MARCOS SUD","ccc":"CC269","rcc":"19","lzn":2.041,"red":"Terciaria"},"geometry":{"type":"LineString","coordinates":[[-62.4218757511678,-32.5573523691617],[-62.4262480081219,-32.575381617884]]}},{"type":"Feature","properties":{"id":"20740","fna":"Camino Provincial S331","gna":"Camino Provincial","rtn":"S331","fun":"6","rst":"No pavimentado","hct":"Provincial Secundaria","ccn":"C.C. 269 - SAN MARCOS SUD","ccc":"CC269","rcc":"19","lzn":1.998,"red":"Secundaria"},"geometry":{"type":"LineString","coordinates":[[-62.4625827815563,-32.5874377605201],[-62.4624790183,-32.5871316113985],[-62.4581905682092,-32.5698100345303]]}},{"type":"Feature","properties":{"id":"20745","fna":"Camino Provincial T269-03","gna":"Camino Provincial","rtn":"T269-03","fun":"6","rst":"No pavimentado","hct":"Camino Terciario","ccn":"C.C. 269 - SAN MARCOS SUD","ccc":"CC269","rcc":"19","lzn":0.642,"red":"Terciaria"},"geometry":{"type":"LineString","coordinates":[[-62.4975790545835,-32.5812540327264],[-62.4976832779999,-32.5812019221895],[-62.497809862,-32.5811740671895],[-62.5040394209,-32.5800678467878],[-62.5042405612,-32.5799968093878]]}},{"type":"Feature","properties":{"id":"20753","fna":"Camino Provincial T391-11","gna":"Camino Provincial","rtn":"T391-11","fun":"6","rst":"No pavimentado","hct":"Camino Terciario","ccn":"C.C. 391 - COLONIA GENERAL BUSTOS","ccc":"CC391","rcc":"11","lzn":2.384,"red":"Terciaria"},"geometry":{"type":"LineString","coordinates":[[-62.5333631391429,-32.5296963467886],[-62.5315414746,-32.5310857246141],[-62.5239061592,-32.5369479787229],[-62.521702535,-32.5386374272255],[-62.5216098899,-32.5386873643255],[-62.5214432805,-32.5387601517256],[-62.5199023535,-32.5394071994266],[-62.5133104644,-32.5422127999308],[-62.5130596724,-32.5422640714309]]}},{"type":"Feature","properties":{"id":"20765","fna":"Camino Provincial T269-13","gna":"Camino Provincial","rtn":"T269-13","fun":"6","rst":"No pavimentado","hct":"Camino Terciario","ccn":"C.C. 269 - SAN MARCOS SUD","ccc":"CC269","rcc":"19","lzn":0.276,"red":"Terciaria"},"geometry":{"type":"LineString","coordinates":[[-62.430599050666,-32.593133234723],[-62.4308868461,-32.5931526815075],[-62.4331982811999,-32.5926989103069],[-62.4333643192,-32.5926716349068],[-62.4334763131321,-32.5926716310283]]}},{"type":"Feature","properties":{"id":"20773","fna":"Camino Provincial T269-13","gna":"Camino Provincial","rtn":"T269-13","fun":"6","rst":"No pavimentado","hct":"Camino Terciario","ccn":"C.C. 269 - SAN MARCOS SUD","ccc":"CC269","rcc":"19","lzn":2.011,"red":"Terciaria"},"geometry":{"type":"LineString","coordinates":[[-62.4262480081219,-32.575381617884],[-62.4305281199,-32.5930239525073],[-62.430599050666,-32.593133234723]]}},{"type":"Feature","properties":{"id":"20775","fna":"Camino Provincial T269-23","gna":"Camino Provincial","rtn":"T269-23","fun":"6","rst":"No pavimentado","hct":"Camino Terciario","ccn":"C.C. 269 - SAN MARCOS SUD","ccc":"CC269","rcc":"19","lzn":1.368,"red":"Terciaria"},"geometry":{"type":"LineString","coordinates":[[-62.4581905682092,-32.5698100345303],[-62.4579802478,-32.5698516228725],[-62.4574126617,-32.5699452453726],[-62.4439199766462,-32.5722999461766]]}},{"type":"Feature","properties":{"id":"20782","fna":"Camino Provincial T391-05","gna":"Camino Provincial","rtn":"T391-05","fun":"6","rst":"No pavimentado","hct":"Camino Terciario","ccn":"C.C. 391 - COLONIA GENERAL BUSTOS","ccc":"CC391","rcc":"11","lzn":3.903,"red":"Terciaria"},"geometry":{"type":"LineString","coordinates":[[-62.5240664441562,-32.5764693671455],[-62.5244398224,-32.5779986981848],[-62.5253371204,-32.5815875043901],[-62.5265724462,-32.5865625849976],[-62.526814183,-32.587475189599],[-62.5268645298762,-32.5876747172941],[-62.5269305715886,-32.5879364432226],[-62.5269822630173,-32.5881412973425],[-62.5270483053973,-32.5884030231961],[-62.5270871657999,-32.5885570262006],[-62.5278371129,-32.5916097157052],[-62.5285785367,-32.5945417197096],[-62.5296264023,-32.5986551323158],[-62.5306613905,-32.602808587522],[-62.5318817725999,-32.6076801876294],[-62.5324116736999,-32.6098855428327],[-62.5326072708,-32.6105642631337],[-62.5326955432758,-32.6108997614919]]}},{"type":"Feature","properties":{"id":"20961","fna":"Ruta Provincial E59","gna":"Ruta Provincial","rtn":"E59","fun":"6","rst":"Pavimento","hct":"Provincial Primaria","ccn":"No aplica","ccc":"No aplica","lzn":2.913,"red":"Primaria"},"geometry":{"type":"LineString","coordinates":[[-62.2953179356509,-32.4238378021044],[-62.2953749110954,-32.4240900164879]]}},{"type":"Feature","properties":{"id":"21159","fna":"Camino Provincial S331","gna":"Camino Provincial","rtn":"S331","fun":"6","rst":"No pavimentado","hct":"Provincial Secundaria","ccn":"C.C. 269 - SAN MARCOS SUD","ccc":"CC269","rcc":"19","lzn":3.245,"red":"Secundaria"},"geometry":{"type":"LineString","coordinates":[[-62.4884411784966,-32.6550777882509],[-62.4924807413,-32.6711730560247],[-62.4925611963999,-32.671377037325],[-62.4925499608999,-32.6714920424252],[-62.4924143703999,-32.6716818950255],[-62.4921615896,-32.6718984877258],[-62.4848996004,-32.6787790708361],[-62.4845739202999,-32.6791140714366],[-62.4842321032,-32.6794389889371],[-62.483950704,-32.6796893443374],[-62.4836864049,-32.6798339368377],[-62.4833926090999,-32.6799560767378],[-62.4830399256,-32.680070763238],[-62.4826920658999,-32.6801816838382],[-62.4824794148999,-32.6803044228384],[-62.4823970530277,-32.6804042172308]]}},{"type":"Feature","properties":{"id":"21160","fna":"Camino Provincial T269-12","gna":"Camino Provincial","rtn":"T269-12","fun":"6","rst":"No pavimentado","hct":"Camino Terciario","ccn":"C.C. 269 - SAN MARCOS SUD","ccc":"CC269","rcc":"19","lzn":7.954,"red":"Terciaria"},"geometry":{"type":"LineString","coordinates":[[-62.4884604557999,-32.6314926906652],[-62.4889714652999,-32.631406987965],[-62.4892199507,-32.6313621400649],[-62.4893173616,-32.6313022835649],[-62.4893338351,-32.6311524310646],[-62.4893459246,-32.6310435636645],[-62.4894338305,-32.6309795648644],[-62.4896248746,-32.6309419156643],[-62.5163833572,-32.6261455052571],[-62.5165254758,-32.6261454964571],[-62.5165830127,-32.6262263355572],[-62.5166365485,-32.6264104487575],[-62.5244373507,-32.6576089871043],[-62.5245150061,-32.6579293218048],[-62.5245713544999,-32.6581404357052],[-62.5246017925,-32.6582788222054],[-62.5247538883,-32.6584064477055],[-62.5249062479,-32.6585014898057],[-62.5250632297999,-32.6585893971058],[-62.5252119682,-32.658695853506],[-62.5252826291,-32.6588246004062],[-62.5253702229,-32.6590707202065],[-62.5254132360076,-32.6592799214979]]}},{"type":"Feature","properties":{"id":"21220","fna":"Camino Provincial T027-01","gna":"Camino Provincial","rtn":"T027-01","fun":"6","rst":"No pavimentado","hct":"Camino Terciario","ccn":"C.C. 027 - LEONES","ccc":"CC027","rcc":"19","lzn":2.04,"red":"Terciaria"},"geometry":{"type":"LineString","coordinates":[[-62.3773163662785,-32.6027036580158],[-62.3730339025866,-32.584672240982]]}},{"type":"Feature","properties":{"id":"21229","fna":"Camino Provincial T027-08","gna":"Camino Provincial","rtn":"T027-08","fun":"6","rst":"No pavimentado","hct":"Camino Terciario","ccn":"C.C. 027 - LEONES","ccc":"CC027","rcc":"19","lzn":1.856,"red":"Terciaria"},"geometry":{"type":"LineString","coordinates":[[-62.3987956339906,-32.5988554235479],[-62.3794505071419,-32.6023214812929]]}},{"type":"Feature","properties":{"id":"21614","fna":"Camino Provincial S384","gna":"Camino Provincial","rtn":"S384","fun":"6","rst":"No pavimentado","hct":"Provincial Secundaria","ccn":"C.C. 391 - COLONIA GENERAL BUSTOS","ccc":"CC391","rcc":"11","lzn":0.415,"red":"Secundaria"},"geometry":{"type":"LineString","coordinates":[[-62.5842477672,-32.5288782479107],[-62.5812461729,-32.5302158889127],[-62.580330184601,-32.5306147075129]]}},{"type":"Feature","properties":{"id":"21834","fna":"Camino Provincial T269-03","gna":"Camino Provincial","rtn":"T269-03","fun":"6","rst":"No pavimentado","hct":"Camino Terciario","ccn":"C.C. 269 - SAN MARCOS SUD","ccc":"CC269","rcc":"19","lzn":0.229,"red":"Terciaria"},"geometry":{"type":"LineString","coordinates":[[-62.5078418389478,-32.5203111073416],[-62.5073567459786,-32.5182893599276]]}},{"type":"Feature","properties":{"id":"22457","fna":"Camino Provincial T269-06","gna":"Camino Provincial","rtn":"T269-06","fun":"6","rst":"No pavimentado","hct":"Camino Terciario","ccn":"C.C. 269 - SAN MARCOS SUD","ccc":"CC269","rcc":"19","lzn":3.732,"red":"Terciaria"},"geometry":{"type":"LineString","coordinates":[[-62.4218757511678,-32.5573523691617],[-62.4389219584,-32.5543409530491],[-62.4391558852999,-32.5543114048491],[-62.4393621443999,-32.554268788649],[-62.4394942797,-32.5542852132491],[-62.439556415,-32.5543474889491],[-62.4396107605,-32.5544457737493],[-62.4396534501999,-32.5546128142495],[-62.4397077616,-32.5548288989499],[-62.4438799881,-32.5721367620759],[-62.4439199766462,-32.5722999461766]]}},{"type":"Feature","properties":{"id":"22200","fna":"Camino Provincial T269-27","gna":"Camino Provincial","rtn":"T269-27","fun":"6","rst":"No pavimentado","hct":"Camino Terciario","ccn":"C.C. 269 - SAN MARCOS SUD","ccc":"CC269","rcc":"19","lzn":2.575,"red":"Terciaria"},"geometry":{"type":"LineString","coordinates":[[-62.5004037559999,-32.5929686884073],[-62.5004677824,-32.5932102443076],[-62.5060779651489,-32.6156828133327]]}},{"type":"Feature","properties":{"id":"22237","fna":"Camino Provincial T269-13","gna":"Camino Provincial","rtn":"T269-13","fun":"6","rst":"No pavimentado","hct":"Camino Terciario","ccn":"C.C. 269 - SAN MARCOS SUD","ccc":"CC269","rcc":"19","lzn":2.604,"red":"Terciaria"},"geometry":{"type":"LineString","coordinates":[[-62.4334763131321,-32.5926716310283],[-62.4335310026,-32.5928894797071],[-62.4336050389999,-32.5931653962075],[-62.4364275744593,-32.6044584090222],[-62.4392238483766,-32.6156435622666]]}},{"type":"Feature","properties":{"id":"22427","fna":"Camino Provincial T391-06","gna":"Camino Provincial","rtn":"T391-06","fun":"6","rst":"No pavimentado","hct":"Camino Terciario","ccn":"C.C. 391 - COLONIA GENERAL BUSTOS","ccc":"CC391","rcc":"11","lzn":3.924,"red":"Terciaria"},"geometry":{"type":"LineString","coordinates":[[-62.5513773487679,-32.5714320067373],[-62.5514622695,-32.571563425275],[-62.5515237042,-32.5718197301754],[-62.5522850603,-32.57482521438],[-62.5538428504,-32.5810716153893],[-62.5542679195637,-32.5827221632073],[-62.5543352786701,-32.5829837137058],[-62.5543874671848,-32.5831863568521],[-62.55445482697,-32.5834479072733],[-62.5545096472,-32.5836607668933],[-62.5560625228,-32.5898658808026],[-62.5575208634,-32.5957160116114],[-62.5595894764999,-32.6040395152239],[-62.5600937946517,-32.606029174834]]}},{"type":"Feature","properties":{"id":"22640","fna":"Camino Provincial S384","gna":"Camino Provincial","rtn":"S384","fun":"6","rst":"No pavimentado","hct":"Provincial Secundaria","ccn":"C.C. 391 - COLONIA GENERAL BUSTOS","ccc":"CC391","rcc":"11","lzn":1.279,"red":"Secundaria"},"geometry":{"type":"LineString","coordinates":[[-62.5813718676,-32.5778195077845],[-62.5785044912183,-32.5665487477718]]}},{"type":"Feature","properties":{"id":"22654","fna":"Camino Provincial T269-19","gna":"Camino Provincial","rtn":"T269-19","fun":"6","rst":"No pavimentado","hct":"Camino Terciario","ccn":"C.C. 269 - SAN MARCOS SUD","ccc":"CC269","rcc":"19","lzn":2.594,"red":"Terciaria"},"geometry":{"type":"LineString","coordinates":[[-62.4392238483766,-32.6156435622666],[-62.4121832504444,-32.6204726654577]]}},{"type":"Feature","properties":{"id":"22657","fna":"Camino Provincial S331","gna":"Camino Provincial","rtn":"S331","fun":"6","rst":"No pavimentado","hct":"Provincial Secundaria","ccn":"C.C. 269 - SAN MARCOS SUD","ccc":"CC269","rcc":"19","lzn":3.776,"red":"Secundaria"},"geometry":{"type":"LineString","coordinates":[[-62.4581905682092,-32.5698100345303],[-62.4546805454,-32.555627674151],[-62.4499943919886,-32.5364739642024]]}},{"type":"Feature","properties":{"id":"22663","fna":"Camino Provincial T391-12","gna":"Camino Provincial","rtn":"T391-12","fun":"6","rst":"No pavimentado","hct":"Camino Terciario","ccn":"C.C. 391 - COLONIA GENERAL BUSTOS","ccc":"CC391","rcc":"11","lzn":2.157,"red":"Terciaria"},"geometry":{"type":"LineString","coordinates":[[-62.5078418389478,-32.5203111073416],[-62.5113545879,-32.5196343560968],[-62.5156211922,-32.5188316448956],[-62.5156681815999,-32.5188139949955],[-62.5157237494999,-32.5187892199955],[-62.5157666748,-32.5187500048955],[-62.5157798000999,-32.5187105997954],[-62.5157717685,-32.5186567003953],[-62.5156682045,-32.5183365406948],[-62.515677298,-32.5182719806947],[-62.5157034199,-32.5182075291946],[-62.5157293487,-32.5181646157946],[-62.5157679844,-32.5181289630945],[-62.5158278734999,-32.5180970355945],[-62.5159303336,-32.5180653793944],[-62.5180642863,-32.5176419808938],[-62.5231408403,-32.5166500195923],[-62.5294214223272,-32.5153983990883]]}},{"type":"Feature","properties":{"id":"22671","fna":"Camino Provincial T269-23","gna":"Camino Provincial","rtn":"T269-23","fun":"6","rst":"No pavimentado","hct":"Camino Terciario","ccn":"C.C. 269 - SAN MARCOS SUD","ccc":"CC269","rcc":"19","lzn":1.694,"red":"Terciaria"},"geometry":{"type":"LineString","coordinates":[[-62.4439199766462,-32.5722999461766],[-62.4262480081219,-32.575381617884]]}},{"type":"Feature","properties":{"id":"22872","fna":"Camino Provincial T269-02","gna":"Camino Provincial","rtn":"T269-02","fun":"6","rst":"No pavimentado","hct":"Camino Terciario","ccn":"C.C. 269 - SAN MARCOS SUD","ccc":"CC269","rcc":"19","lzn":2.794,"red":"Terciaria"},"geometry":{"type":"LineString","coordinates":[[-62.4625827815563,-32.5874377605201],[-62.4334763131321,-32.5926716310283]]}},{"type":"Feature","properties":{"id":"22907","fna":"Camino Provincial T027-29","gna":"Camino Provincial","rtn":"T027-29","fun":"6","rst":"No pavimentado","hct":"Camino Terciario","ccn":"C.C. 027 - LEONES","ccc":"CC027","rcc":"19","lzn":2.856,"red":"Terciaria"},"geometry":{"type":"LineString","coordinates":[[-62.4164235689011,-32.6440020561428],[-62.4167874032615,-32.6439369325581]]}},{"type":"Feature","properties":{"id":"22982","fna":"Camino Provincial T391-08","gna":"Camino Provincial","rtn":"T391-08","fun":"6","rst":"No pavimentado","hct":"Camino Terciario","ccn":"C.C. 391 - COLONIA GENERAL BUSTOS","ccc":"CC391","rcc":"11","lzn":1.311,"red":"Terciaria"},"geometry":{"type":"LineString","coordinates":[[-62.5978423250357,-32.5871494716523],[-62.5979148808,-32.5875123345991],[-62.5984124653,-32.589436248802],[-62.5986144036,-32.5902749896032],[-62.5991150468,-32.5922381412062],[-62.5997135102,-32.5946906887098],[-62.6003599924,-32.5972569232137],[-62.6007227143279,-32.5987203366607]]}},{"type":"Feature","properties":{"id":"23207","fna":"Camino Provincial T027-11","gna":"Camino Provincial","rtn":"T027-11","fun":"6","rst":"No pavimentado","hct":"Camino Terciario","ccn":"C.C. 027 - LEONES","ccc":"CC027","rcc":"19","lzn":2.986,"red":"Terciaria"},"geometry":{"type":"LineString","coordinates":[[-62.3088298072216,-32.5044302715207],[-62.308385093723,-32.5045073106129]]}},{"type":"Feature","properties":{"id":"23524","fna":"Camino Provincial T065-15","gna":"Camino Provincial","rtn":"T065-15","fun":"6","rst":"No pavimentado","hct":"Camino Terciario","ccn":"C.C. 065 - CINTRA","ccc":"CC065","rcc":"11","lzn":3.055,"red":"Terciaria"},"geometry":{"type":"LineString","coordinates":[[-62.7290267108879,-32.4105838443499],[-62.7290598401,-32.4107462183321],[-62.7291029941,-32.4108432483323],[-62.7291373342,-32.4109402188324],[-62.7291329273,-32.4109401891324],[-62.7294002527,-32.4120321662341],[-62.7301731217,-32.4151277947388],[-62.7316385207,-32.4210998951478],[-62.7328515496,-32.4260148221553],[-62.7338456866,-32.4300451858614],[-62.7349525395,-32.4345235923681],[-62.7356931912,-32.4375406850727]]}},{"type":"Feature","properties":{"id":"23674","fna":"Camino Provincial T269-27","gna":"Camino Provincial","rtn":"T269-27","fun":"6","rst":"No pavimentado","hct":"Camino Terciario","ccn":"C.C. 269 - SAN MARCOS SUD","ccc":"CC269","rcc":"19","lzn":1.289,"red":"Terciaria"},"geometry":{"type":"LineString","coordinates":[[-62.5060779651489,-32.6156828133327],[-62.5088793907999,-32.6269002079583],[-62.5088950285381,-32.6270570130511]]}},{"type":"Feature","properties":{"id":"23904","fna":"Camino Provincial T269-25","gna":"Camino Provincial","rtn":"T269-25","fun":"6","rst":"No pavimentado","hct":"Camino Terciario","ccn":"C.C. 269 - SAN MARCOS SUD","ccc":"CC269","rcc":"19","lzn":5.286,"red":"Terciaria"},"geometry":{"type":"LineString","coordinates":[[-62.4067458391577,-32.5036487451784],[-62.3901848257999,-32.5065657205771],[-62.3900583914999,-32.5065888680771],[-62.3899550858999,-32.5066277399772],[-62.3899064148999,-32.5067061557773],[-62.3899327989,-32.5067961018774],[-62.3899534649999,-32.5068736693775],[-62.3899389908999,-32.5069488366776],[-62.3898747144,-32.5070104462777],[-62.3897712176,-32.5070361177778],[-62.389640337,-32.5070531801778],[-62.3824871899,-32.5083108111797],[-62.3823321364,-32.5083410130797],[-62.3822665317999,-32.5084062734798],[-62.382280345,-32.50849539028],[-62.3823129781999,-32.5086023326802],[-62.3883742062999,-32.5336511158179],[-62.3884306995834,-32.533965270283]]}},{"type":"Feature","properties":{"id":"23965","fna":"Camino Provincial T027-59","gna":"Camino Provincial","rtn":"T027-59","fun":"6","rst":"No pavimentado","hct":"Camino Terciario","ccn":"C.C. 027 - LEONES","ccc":"CC027","rcc":"19","lzn":5.191,"red":"Terciaria"},"geometry":{"type":"LineString","coordinates":[[-62.3653533671501,-32.5380026832849],[-62.356638746,-32.5022049582705],[-62.3566164225999,-32.5020886232703],[-62.3566132356,-32.5020325142702],[-62.3682656601,-32.4999972438671]]}},{"type":"Feature","properties":{"id":"24004","fna":"Camino Provincial T135-14","gna":"Camino Provincial","rtn":"T135-14","fun":"6","rst":"No pavimentado","hct":"Camino Terciario","ccn":"C.C. 135 - BELL VILLE","ccc":"CC135","rcc":"11","lzn":0.486,"red":"Terciaria"},"geometry":{"type":"LineString","coordinates":[[-62.6092988373187,-32.5611648338686],[-62.605964249,-32.5618211579604],[-62.6058987222,-32.5618375173604],[-62.6058481625,-32.5618624793604],[-62.6057871317,-32.5619212284605],[-62.6057614293,-32.5619675855606],[-62.6057557183,-32.5620225897607],[-62.6057598446,-32.5620946209608],[-62.6057784628,-32.562213365461],[-62.6060239079488,-32.5631874164607]]}},{"type":"Feature","properties":{"id":"24028","fna":"Camino Provincial T065-09","gna":"Camino Provincial","rtn":"T065-09","fun":"6","rst":"No pavimentado","hct":"Camino Terciario","ccn":"C.C. 065 - CINTRA","ccc":"CC065","rcc":"11","lzn":0.712,"red":"Terciaria"},"geometry":{"type":"LineString","coordinates":[[-62.7561415214198,-32.4068547161379],[-62.756018265,-32.4068890367263],[-62.7555997714,-32.4069040434263],[-62.7519157232,-32.4069571374264],[-62.7485787175876,-32.407005828408]]}},{"type":"Feature","properties":{"id":"24031","fna":"Camino Provincial T269-13","gna":"Camino Provincial","rtn":"T269-13","fun":"6","rst":"No pavimentado","hct":"Camino Terciario","ccn":"C.C. 269 - SAN MARCOS SUD","ccc":"CC269","rcc":"19","lzn":1.021,"red":"Terciaria"},"geometry":{"type":"LineString","coordinates":[[-62.419689566468,-32.5483348232758],[-62.4218757511678,-32.5573523691617]]}},{"type":"Feature","properties":{"id":"24042","fna":"Camino Provincial S331","gna":"Camino Provincial","rtn":"S331","fun":"6","rst":"No pavimentado","hct":"Provincial Secundaria","ccn":"C.C. 269 - SAN MARCOS SUD","ccc":"CC269","rcc":"19","lzn":0.304,"red":"Secundaria"},"geometry":{"type":"LineString","coordinates":[[-62.4499943919886,-32.5364739642024],[-62.4493387184015,-32.5337933837108]]}},{"type":"Feature","properties":{"id":"24063","fna":"Camino Provincial S331","gna":"Camino Provincial","rtn":"S331","fun":"6","rst":"No pavimentado","hct":"Provincial Secundaria","ccn":"C.C. 269 - SAN MARCOS SUD","ccc":"CC269","rcc":"19","lzn":3.006,"red":"Secundaria"},"geometry":{"type":"LineString","coordinates":[[-62.413960978409,-32.5298662923984],[-62.4138502360999,-32.5298036320121],[-62.4136375414999,-32.5296918858119],[-62.4135021481,-32.5295940479118],[-62.4133833789,-32.5294845639117],[-62.4132432626999,-32.5293591175115],[-62.4131886434999,-32.5292988976114],[-62.4130798284,-32.5291184480111],[-62.4130010009,-32.5289433290108],[-62.4129337206999,-32.5287798059106],[-62.4128703574,-32.5285480283102],[-62.4067458391577,-32.5036487451784]]}},{"type":"Feature","properties":{"id":"24184","fna":"Camino Provincial S331","gna":"Camino Provincial","rtn":"S331","fun":"6","rst":"No pavimentado","hct":"Provincial Secundaria","ccn":"C.C. 269 - SAN MARCOS SUD","ccc":"CC269","rcc":"19","lzn":0.863,"red":"Secundaria"},"geometry":{"type":"LineString","coordinates":[[-62.4730588059,-32.5943767462094],[-62.4712206688,-32.5870409009983],[-62.4711462638485,-32.5867672522481]]}},{"type":"Feature","properties":{"id":"30389","fna":"Camino Provincial T391-08","gna":"Camino Provincial","rtn":"T391-08","fun":"6","rst":"No pavimentado","hct":"Camino Terciario","ccn":"C.C. 391 - COLONIA GENERAL BUSTOS","ccc":"CC391","rcc":"11","lzn":1.958,"red":"Terciaria"},"geometry":{"type":"LineString","coordinates":[[-62.592230456153,-32.5647976761907],[-62.5928882658,-32.5674541059688],[-62.5965256081,-32.5820663111909],[-62.5965255439,-32.5820730088909]]}},{"type":"Feature","properties":{"id":"30390","fna":"Camino Provincial T135-08","gna":"Camino Provincial","rtn":"T135-08","fun":"6","rst":"No pavimentado","hct":"Camino Terciario","ccn":"C.C. 135 - BELL VILLE","ccc":"CC135","rcc":"11","lzn":4.187000000000001,"red":"Terciaria"},"geometry":{"type":"LineString","coordinates":[[-62.6816716737806,-32.5280929717253],[-62.6823185353,-32.5307429682135],[-62.6853930889,-32.5434581951327],[-62.6882020009,-32.5546511574496],[-62.6907625417,-32.5649640736651],[-62.6907819438702,-32.5650549033899]]}},{"type":"Feature","properties":{"id":"24723","fna":"Camino Provincial T135-06","gna":"Camino Provincial","rtn":"T135-06","fun":"6","rst":"No pavimentado","hct":"Camino Terciario","ccn":"C.C. 135 - BELL VILLE","ccc":"CC135","rcc":"11","lzn":3.497,"red":"Terciaria"},"geometry":{"type":"LineString","coordinates":[[-62.7296605709815,-32.5256620748508],[-62.7295414646,-32.5256196089058],[-62.7293981564,-32.5256109029058],[-62.7280660867,-32.5255539374057],[-62.7235652483,-32.5253540314054],[-62.723446978,-32.5253591295054],[-62.7233170715,-32.5253793153055],[-62.7230872504,-32.5254296588055],[-62.7189227409,-32.5265862322073],[-62.7123020363,-32.52835892871],[-62.7098354201,-32.5290041670109],[-62.7097124405,-32.5290189964109],[-62.7096129622,-32.5290141196109],[-62.7094958961,-32.5289944725109],[-62.7092436309,-32.5289008064108],[-62.7068733054,-32.5278999928093],[-62.706732701,-32.5278653290092],[-62.7065918048,-32.5278455274092],[-62.7064036999,-32.5278406420092],[-62.7059100248,-32.5278756167092],[-62.6968137811,-32.5288041951106],[-62.6954609399,-32.5289474779108],[-62.6953148217,-32.5289524396109],[-62.6951569527,-32.5289377615108],[-62.6944473966,-32.5288395741106],[-62.6941611125,-32.5287952574106],[-62.6940265539,-32.5287755394106],[-62.6939222754823,-32.528766775473],[-62.6935299054695,-32.5287751765821]]}},{"type":"Feature","properties":{"id":"24789","fna":"Camino Provincial S384","gna":"Camino Provincial","rtn":"S384","fun":"6","rst":"No pavimentado","hct":"Provincial Secundaria","ccn":"C.C. 391 - COLONIA GENERAL BUSTOS","ccc":"CC391","rcc":"11","lzn":0.089,"red":"Secundaria"},"geometry":{"type":"LineString","coordinates":[[-62.592230456153,-32.5647976761907],[-62.5931659385,-32.5646466898646]]}},{"type":"Feature","properties":{"id":"25109","fna":"Camino Provincial T269-31","gna":"Camino Provincial","rtn":"T269-31","fun":"6","rst":"No pavimentado","hct":"Camino Terciario","ccn":"C.C. 269 - SAN MARCOS SUD","ccc":"CC269","rcc":"19","lzn":2.555,"red":"Terciaria"},"geometry":{"type":"LineString","coordinates":[[-62.5088950285381,-32.6270570130511],[-62.5092955586,-32.6269965906584],[-62.5098683837,-32.6268973415582],[-62.5353964837,-32.6223335619514],[-62.5355335276509,-32.6222916390682]]}},{"type":"Feature","properties":{"id":"25960","fna":"Camino Provincial T269-07","gna":"Camino Provincial","rtn":"T269-07","fun":"6","rst":"No pavimentado","hct":"Camino Terciario","ccn":"C.C. 269 - SAN MARCOS SUD","ccc":"CC269","rcc":"19","lzn":1.223,"red":"Terciaria"},"geometry":{"type":"LineString","coordinates":[[-62.4094773270999,-32.6096858940324],[-62.4121832504444,-32.6204726654577]]}},{"type":"Feature","properties":{"id":"26072","fna":"Camino Provincial S331","gna":"Camino Provincial","rtn":"S331","fun":"6","rst":"No pavimentado","hct":"Provincial Secundaria","ccn":"C.C. 269 - SAN MARCOS SUD","ccc":"CC269","rcc":"19","lzn":1.071,"red":"Secundaria"},"geometry":{"type":"LineString","coordinates":[[-62.4493387184015,-32.5337933837108],[-62.4474226689999,-32.5259591182063],[-62.4472611064,-32.5255425123057],[-62.4470645839,-32.5253000655053],[-62.446683817,-32.525101027205],[-62.4463955379999,-32.5250233027049],[-62.4460510276189,-32.5250133294234]]}},{"type":"Feature","properties":{"id":"26085","fna":"Camino Provincial S331","gna":"Camino Provincial","rtn":"S331","fun":"6","rst":"No pavimentado","hct":"Provincial Secundaria","ccn":"C.C. 269 - SAN MARCOS SUD","ccc":"CC269","rcc":"19","lzn":0.915,"red":"Secundaria"},"geometry":{"type":"LineString","coordinates":[[-62.4460510276189,-32.5250133294234],[-62.4459089045,-32.5250092148049],[-62.4365078138123,-32.5266343823211]]}},{"type":"Feature","properties":{"id":"26195","fna":"Camino Provincial T269-13","gna":"Camino Provincial","rtn":"T269-13","fun":"6","rst":"No pavimentado","hct":"Camino Terciario","ccn":"C.C. 269 - SAN MARCOS SUD","ccc":"CC269","rcc":"19","lzn":1.3,"red":"Terciaria"},"geometry":{"type":"LineString","coordinates":[[-62.4392238483766,-32.6156435622666],[-62.4417512683,-32.6257509072565],[-62.4418747721,-32.6263015786573],[-62.4419626966,-32.6265907293578],[-62.4420719799958,-32.627114630162]]}},{"type":"Feature","properties":{"id":"26745","fna":"Camino Provincial T027-58","gna":"Camino Provincial","rtn":"T027-58","fun":"6","rst":"No pavimentado","hct":"Camino Terciario","ccn":"C.C. 027 - LEONES","ccc":"CC027","rcc":"19","lzn":4.207,"red":"Terciaria"},"geometry":{"type":"LineString","coordinates":[[-62.3296854468157,-32.5442337650514],[-62.3298117115187,-32.544749759915]]}},{"type":"Feature","properties":{"id":"27360","fna":"Camino Provincial T132-15","gna":"Camino Provincial","rtn":"T132-15","fun":"6","rst":"No pavimentado","hct":"Camino Terciario","ccn":"C.C. 132 - NOETINGER","ccc":"CC132","rcc":"19","lzn":6.82,"red":"Terciaria"},"geometry":{"type":"LineString","coordinates":[[-62.3916846557727,-32.4420024395222],[-62.3930571024251,-32.4417645791117],[-62.4122159176999,-32.4385378314742],[-62.4123763759054,-32.4385140359762],[-62.4124617438803,-32.4385129904851],[-62.412541210192,-32.4385510612373],[-62.4125704162896,-32.4386076186579],[-62.4126027706493,-32.4387299712085],[-62.4132716525874,-32.4415573438658],[-62.4134395957909,-32.4422208899199],[-62.4134681073238,-32.4423588795185],[-62.4134934031493,-32.4424389042313],[-62.413526442759,-32.4424813899133],[-62.4135781992887,-32.4425051964636],[-62.4136504613135,-32.4425181652141],[-62.4137599964574,-32.4425125677422],[-62.4139669444758,-32.4424856373669],[-62.4198747720523,-32.4417185594146],[-62.4220216763047,-32.4414395673758],[-62.4239000599922,-32.4412150629146],[-62.4274929595739,-32.4407543740564],[-62.4300991971725,-32.4404242339753],[-62.4321675368825,-32.4401546866165],[-62.433515688708,-32.4399655485262],[-62.4350750041358,-32.4397642829686],[-62.4369195964891,-32.4395299933975],[-62.438265926268,-32.4393543478559],[-62.4392329418347,-32.4392220443804],[-62.4412403857254,-32.4389697589245],[-62.4433123874476,-32.4387057930522],[-62.4452149736208,-32.4384713192254],[-62.4464273481437,-32.4383145788194],[-62.4481908864883,-32.4380939620911],[-62.4487187511342,-32.4380344990672],[-62.4491450932421,-32.437968900942],[-62.4593733819523,-32.4366613354194],[-62.4594998694319,-32.4366583545624]]}},{"type":"Feature","properties":{"id":"27374","fna":"Camino Provincial T132-13","gna":"Camino Provincial","rtn":"T132-13","fun":"6","rst":"No pavimentado","hct":"Camino Terciario","ccn":"C.C. 132 - NOETINGER","ccc":"CC132","rcc":"19","lzn":3.915,"red":"Terciaria"},"geometry":{"type":"LineString","coordinates":[[-62.3916846557727,-32.4420024395222],[-62.3929386559999,-32.4471636023873],[-62.3930779911999,-32.4475945506879],[-62.3932427180999,-32.4479080931884],[-62.3933314666999,-32.4481112899887],[-62.3932722152999,-32.4484028734892],[-62.3932101135999,-32.4486680343896],[-62.3932189561,-32.4487689135897],[-62.3933297516999,-32.44894140189],[-62.3934318852999,-32.4491640290903],[-62.3935589781,-32.449630574091],[-62.3998920931,-32.4755842966303],[-62.4000107056999,-32.4760396496309],[-62.4000790642,-32.4763666647315],[-62.4000032241596,-32.4764921520462]]}},{"type":"Feature","properties":{"id":"27381","fna":"Camino Provincial T269-34","gna":"Camino Provincial","rtn":"T269-34","fun":"6","rst":"No pavimentado","hct":"Camino Terciario","ccn":"C.C. 269 - SAN MARCOS SUD","ccc":"CC269","rcc":"19","lzn":3.053,"red":"Terciaria"},"geometry":{"type":"LineString","coordinates":[[-62.4493387184015,-32.5337933837108],[-62.4487430398,-32.5338978158183],[-62.4175067070279,-32.5393292045503]]}},{"type":"Feature","properties":{"id":"27482","fna":"Camino Provincial T132-02","gna":"Camino Provincial","rtn":"T132-02","fun":"6","rst":"No pavimentado","hct":"Camino Terciario","ccn":"C.C. 132 - NOETINGER","ccc":"CC132","rcc":"19","lzn":5.02,"red":"Terciaria"},"geometry":{"type":"LineString","coordinates":[[-62.3476489978679,-32.4149945662071],[-62.2953749110954,-32.4240900164879]]}},{"type":"Feature","properties":{"id":"28108","fna":"Camino Provincial T269-08","gna":"Camino Provincial","rtn":"T269-08","fun":"6","rst":"No pavimentado","hct":"Camino Terciario","ccn":"C.C. 269 - SAN MARCOS SUD","ccc":"CC269","rcc":"19","lzn":0.105,"red":"Terciaria"},"geometry":{"type":"LineString","coordinates":[[-62.4504347228086,-32.6609209262909],[-62.4506671758637,-32.6618500126152]]}},{"type":"Feature","properties":{"id":"28150","fna":"Camino Provincial T269-03","gna":"Camino Provincial","rtn":"T269-03","fun":"6","rst":"No pavimentado","hct":"Camino Terciario","ccn":"C.C. 269 - SAN MARCOS SUD","ccc":"CC269","rcc":"19","lzn":6.492,"red":"Terciaria"},"geometry":{"type":"LineString","coordinates":[[-62.5073567459786,-32.5182893599276],[-62.4938555584999,-32.4619834863097],[-62.4937497432999,-32.4615976530091],[-62.4936765362,-32.4612909727087],[-62.4935713509657,-32.4609314262501]]}},{"type":"Feature","properties":{"id":"28250","fna":"Camino Provincial T027-01","gna":"Camino Provincial","rtn":"T027-01","fun":"6","rst":"No pavimentado","hct":"Camino Terciario","ccn":"C.C. 027 - LEONES","ccc":"CC027","rcc":"19","lzn":2.146,"red":"Terciaria"},"geometry":{"type":"LineString","coordinates":[[-62.366337829045,-32.5575917408501],[-62.3616557657885,-32.5386491553474]]}},{"type":"Feature","properties":{"id":"28251","fna":"Camino Provincial T027-10","gna":"Camino Provincial","rtn":"T027-10","fun":"6","rst":"No pavimentado","hct":"Camino Terciario","ccn":"C.C. 027 - LEONES","ccc":"CC027","rcc":"19","lzn":2.214,"red":"Terciaria"},"geometry":{"type":"LineString","coordinates":[[-62.3884306995834,-32.533965270283],[-62.3653533671501,-32.5380026832849]]}},{"type":"Feature","properties":{"id":"28272","fna":"Camino Provincial T269-05","gna":"Camino Provincial","rtn":"T269-05","fun":"6","rst":"No pavimentado","hct":"Camino Terciario","ccn":"C.C. 269 - SAN MARCOS SUD","ccc":"CC269","rcc":"19","lzn":1.312,"red":"Terciaria"},"geometry":{"type":"LineString","coordinates":[[-62.4606418139614,-32.5345320762608],[-62.4578167763301,-32.5229488071929]]}},{"type":"Feature","properties":{"id":"28323","fna":"Camino Provincial T269-04","gna":"Camino Provincial","rtn":"T269-04","fun":"6","rst":"No pavimentado","hct":"Camino Terciario","ccn":"C.C. 269 - SAN MARCOS SUD","ccc":"CC269","rcc":"19","lzn":2.346,"red":"Terciaria"},"geometry":{"type":"LineString","coordinates":[[-62.4578167763301,-32.5229488071929],[-62.4817133303,-32.5188141403955],[-62.4820373613,-32.5187601391955],[-62.4822853796274,-32.5187371819275]]}},{"type":"Feature","properties":{"id":"28359","fna":"Camino Provincial T132-03","gna":"Camino Provincial","rtn":"T132-03","fun":"6","rst":"No pavimentado","hct":"Camino Terciario","ccn":"C.C. 132 - NOETINGER","ccc":"CC132","rcc":"19","lzn":5.661,"red":"Terciaria"},"geometry":{"type":"LineString","coordinates":[[-62.3648491570793,-32.4818802627046],[-62.3638097880999,-32.4820636321401],[-62.3058685295258,-32.4922026155943]]}},{"type":"Feature","properties":{"id":"28369","fna":"Camino Provincial T027-10","gna":"Camino Provincial","rtn":"T027-10","fun":"6","rst":"No pavimentado","hct":"Camino Terciario","ccn":"C.C. 027 - LEONES","ccc":"CC027","rcc":"19","lzn":1.963,"red":"Terciaria"},"geometry":{"type":"LineString","coordinates":[[-62.413960978409,-32.5298662923984],[-62.4130666339999,-32.5296500877119],[-62.3935173175893,-32.5330747387079]]}},{"type":"Feature","properties":{"id":"28381","fna":"Camino Provincial S236","gna":"Camino Provincial","rtn":"S236","fun":"6","rst":"No pavimentado","hct":"Provincial Secundaria","ccn":"C.C. 077 - SAIRA","ccc":"CC077","rcc":"19","lzn":5.305,"red":"Secundaria"},"geometry":{"type":"LineString","coordinates":[[-62.3028824738435,-32.4679911576861],[-62.3033595989999,-32.4679064885187],[-62.3581577296653,-32.4583683410467]]}},{"type":"Feature","properties":{"id":"28427","fna":"Camino Provincial S236","gna":"Camino Provincial","rtn":"S236","fun":"6","rst":"No pavimentado","hct":"Provincial Secundaria","ccn":"C.C. 077 - SAIRA","ccc":"CC077","rcc":"19","lzn":5.469,"red":"Secundaria"},"geometry":{"type":"LineString","coordinates":[[-62.3028824738435,-32.4679911576861],[-62.3022363127769,-32.4681040138923]]}},{"type":"Feature","properties":{"id":"28445","fna":"Camino Provincial T269-03","gna":"Camino Provincial","rtn":"T269-03","fun":"6","rst":"No pavimentado","hct":"Camino Terciario","ccn":"C.C. 269 - SAN MARCOS SUD","ccc":"CC269","rcc":"19","lzn":3.497,"red":"Terciaria"},"geometry":{"type":"LineString","coordinates":[[-62.5042405612,-32.5799968093878],[-62.5042302975,-32.5798308109875],[-62.5041673649,-32.5796576841872],[-62.4967470699,-32.5496770366421],[-62.4966846614,-32.5494611087418],[-62.4966361191,-32.5492393888414],[-62.4966592888753,-32.5491320005426]]}},{"type":"Feature","properties":{"id":"28446","fna":"Camino Provincial T269-26","gna":"Camino Provincial","rtn":"T269-26","fun":"6","rst":"No pavimentado","hct":"Camino Terciario","ccn":"C.C. 269 - SAN MARCOS SUD","ccc":"CC269","rcc":"19","lzn":2.158,"red":"Terciaria"},"geometry":{"type":"LineString","coordinates":[[-62.4975790545835,-32.5812540327264],[-62.4974723244,-32.5812255513896],[-62.4972909344,-32.5812536412896],[-62.4761964943,-32.5850221610953],[-62.4758172464,-32.5850999002954],[-62.4754759689,-32.5851684721955],[-62.4752358969999,-32.5852242675956],[-62.4750988419405,-32.5852092793919]]}},{"type":"Feature","properties":{"id":"29045","fna":"Camino Provincial T269-03","gna":"Camino Provincial","rtn":"T269-03","fun":"6","rst":"No pavimentado","hct":"Camino Terciario","ccn":"C.C. 269 - SAN MARCOS SUD","ccc":"CC269","rcc":"19","lzn":2.484,"red":"Terciaria"},"geometry":{"type":"LineString","coordinates":[[-62.5130596724,-32.5422640714309],[-62.5130695688,-32.5421751373308],[-62.5130648195999,-32.5420734703306],[-62.5078418389478,-32.5203111073416]]}},{"type":"Feature","properties":{"id":"29072","fna":"Camino Provincial T269-03","gna":"Camino Provincial","rtn":"T269-03","fun":"6","rst":"No pavimentado","hct":"Camino Terciario","ccn":"C.C. 269 - SAN MARCOS SUD","ccc":"CC269","rcc":"19","lzn":1.719,"red":"Terciaria"},"geometry":{"type":"LineString","coordinates":[[-62.4966592888753,-32.5491320005426],[-62.4968186013,-32.5490643982412],[-62.5128083251,-32.5423770352311],[-62.5129698058999,-32.542316034831],[-62.5130596724,-32.5422640714309]]}},{"type":"Feature","properties":{"id":"29076","fna":"Camino Provincial T269-01","gna":"Camino Provincial","rtn":"T269-01","fun":"6","rst":"No pavimentado","hct":"Camino Terciario","ccn":"C.C. 269 - SAN MARCOS SUD","ccc":"CC269","rcc":"19","lzn":3.153,"red":"Terciaria"},"geometry":{"type":"LineString","coordinates":[[-62.4901700795801,-32.5518251486131],[-62.490118788,-32.5515063795448],[-62.4835322468693,-32.5239547418199]]}},{"type":"Feature","properties":{"id":"29158","fna":"Camino Provincial T269-05","gna":"Camino Provincial","rtn":"T269-05","fun":"6","rst":"No pavimentado","hct":"Camino Terciario","ccn":"C.C. 269 - SAN MARCOS SUD","ccc":"CC269","rcc":"19","lzn":4.389,"red":"Terciaria"},"geometry":{"type":"LineString","coordinates":[[-62.4578167763301,-32.5229488071929],[-62.4536002213,-32.5054764829754],[-62.4535319960999,-32.505179954075],[-62.4534976023,-32.5050334279747],[-62.4534653820999,-32.5049526931746],[-62.4552562869,-32.5046622222742],[-62.4779805519127,-32.5007192107771]]}},{"type":"Feature","properties":{"id":"29159","fna":"Camino Provincial T269-01","gna":"Camino Provincial","rtn":"T269-01","fun":"6","rst":"No pavimentado","hct":"Camino Terciario","ccn":"C.C. 269 - SAN MARCOS SUD","ccc":"CC269","rcc":"19","lzn":2.039,"red":"Terciaria"},"geometry":{"type":"LineString","coordinates":[[-62.4822853796274,-32.5187371819275],[-62.4779805519127,-32.5007192107771]]}},{"type":"Feature","properties":{"id":"29120","fna":"Camino Provincial T269-01","gna":"Camino Provincial","rtn":"T269-01","fun":"6","rst":"No pavimentado","hct":"Camino Terciario","ccn":"C.C. 269 - SAN MARCOS SUD","ccc":"CC269","rcc":"19","lzn":0.59,"red":"Terciaria"},"geometry":{"type":"LineString","coordinates":[[-62.4835322468693,-32.5239547418199],[-62.4822853796274,-32.5187371819275]]}},{"type":"Feature","properties":{"id":"29407","fna":"Camino Provincial T132-13","gna":"Camino Provincial","rtn":"T132-13","fun":"6","rst":"No pavimentado","hct":"Camino Terciario","ccn":"C.C. 132 - NOETINGER","ccc":"CC132","rcc":"19","lzn":0.439,"red":"Terciaria"},"geometry":{"type":"LineString","coordinates":[[-62.3907428392667,-32.4381257656669],[-62.3916846557727,-32.4420024395222]]}},{"type":"Feature","properties":{"id":"29404","fna":"Camino Provincial T269-13","gna":"Camino Provincial","rtn":"T269-13","fun":"6","rst":"No pavimentado","hct":"Camino Terciario","ccn":"C.C. 269 - SAN MARCOS SUD","ccc":"CC269","rcc":"19","lzn":1.02,"red":"Terciaria"},"geometry":{"type":"LineString","coordinates":[[-62.4175067070279,-32.5393292045503],[-62.419689566468,-32.5483348232758]]}},{"type":"Feature","properties":{"id":"29405","fna":"Camino Provincial T269-13","gna":"Camino Provincial","rtn":"T269-13","fun":"6","rst":"No pavimentado","hct":"Camino Terciario","ccn":"C.C. 269 - SAN MARCOS SUD","ccc":"CC269","rcc":"19","lzn":1.025,"red":"Terciaria"},"geometry":{"type":"LineString","coordinates":[[-62.4153241872751,-32.5302716277819],[-62.4153258327999,-32.530388526713],[-62.4153767713,-32.5305402054132],[-62.4175067070279,-32.5393292045503]]}},{"type":"Feature","properties":{"id":"46621","fna":"Ruta Provincial E59","gna":"Ruta Provincial","rtn":"E59","fun":"6","rst":"Pavimento","hct":"Provincial Primaria","ccn":"No aplica","ccc":"No aplica","rcc":"19","lzn":0.646,"red":"Primaria"},"geometry":{"type":"LineString","coordinates":[[-62.3088298072216,-32.5044302715207],[-62.308862627802,-32.5045657171544],[-62.3094489271739,-32.5069906272784],[-62.3100281769881,-32.5093894288493],[-62.3102083060036,-32.5101339135601]]}},{"type":"Feature","properties":{"id":"30289","fna":"Camino Provincial T135-14","gna":"Camino Provincial","rtn":"T135-14","fun":"6","rst":"No pavimentado","hct":"Camino Terciario","ccn":"C.C. 135 - BELL VILLE","ccc":"CC135","rcc":"11","lzn":4.737,"red":"Terciaria"},"geometry":{"type":"LineString","coordinates":[[-62.6060239079488,-32.5631874164607],[-62.6072840666,-32.56818803197],[-62.6084730939,-32.5731851282775],[-62.6103799847,-32.580801318189],[-62.6113026681,-32.5844383104944],[-62.6113221394,-32.5844893018945],[-62.6113769999,-32.5845236652945],[-62.6114321233,-32.5845368560946],[-62.6115024811,-32.5845374762945],[-62.611628488,-32.5845089417945],[-62.6121222745,-32.5843881184944],[-62.6128528818,-32.5842420881941],[-62.613220694,-32.584169094494],[-62.6134373703,-32.584124415594],[-62.6137349267,-32.5840423328938],[-62.6139517589,-32.5839849499938],[-62.6141736685,-32.5839233763936],[-62.6144411743,-32.5838325583935],[-62.6147138098,-32.5837333149934],[-62.6149709492,-32.5836678146933],[-62.6169678864,-32.5831451247925],[-62.6175593903,-32.5830038800923],[-62.6178164214,-32.5829468427922],[-62.6181441217999,-32.582865014292],[-62.6184217236,-32.5827700413919],[-62.6193075784,-32.5825321905916],[-62.6210824771,-32.5820649225908],[-62.6243294714999,-32.5812008809896],[-62.6264413563,-32.5806432356887],[-62.6286357147,-32.5800821043879],[-62.6298727939,-32.5797624632874],[-62.6305080475,-32.5795985688872],[-62.6311636582,-32.5794136728869],[-62.6316178442,-32.5792609098866],[-62.6321917792,-32.5790927900864],[-62.6328473311,-32.5789121195861],[-62.6335230329,-32.5787273850858],[-62.6340779741999,-32.5785543088856],[-62.6343956026,-32.5784567817854],[-62.6346629175,-32.5783786245853],[-62.6347332192,-32.5783834662853],[-62.6347933162,-32.5784009247853],[-62.6348890914573,-32.5784707073663]]}},{"type":"Feature","properties":{"id":"30296","fna":"Camino Provincial T391-07","gna":"Camino Provincial","rtn":"T391-07","fun":"6","rst":"No pavimentado","hct":"Camino Terciario","ccn":"C.C. 391 - COLONIA GENERAL BUSTOS","ccc":"CC391","rcc":"11","lzn":1.29,"red":"Terciaria"},"geometry":{"type":"LineString","coordinates":[[-62.6171501845608,-32.6076536941104],[-62.6164373736,-32.6048741721252],[-62.6151561597,-32.5997172439174],[-62.6143901514,-32.5966041251127],[-62.6143032961651,-32.5962739111581]]}},{"type":"Feature","properties":{"id":"30305","fna":"Camino Provincial T135-13","gna":"Camino Provincial","rtn":"T135-13","fun":"6","rst":"No pavimentado","hct":"Camino Terciario","ccn":"C.C. 135 - BELL VILLE","ccc":"CC135","rcc":"11","lzn":4.238000000000001,"red":"Terciaria"},"geometry":{"type":"LineString","coordinates":[[-62.5999478380469,-32.5237774007776],[-62.6002716426999,-32.525055100005],[-62.6013547374,-32.5293744701115],[-62.6023826551,-32.5334888824177],[-62.603473222,-32.5378417190242],[-62.6045891424,-32.542297461731],[-62.6061070851,-32.5483842926401],[-62.6080501938,-32.5561721436519],[-62.6092988373187,-32.5611648338686]]}},{"type":"Feature","properties":{"id":"30307","fna":"Camino Provincial T391-07","gna":"Camino Provincial","rtn":"T391-07","fun":"6","rst":"No pavimentado","hct":"Camino Terciario","ccn":"C.C. 391 - COLONIA GENERAL BUSTOS","ccc":"CC391","rcc":"11","lzn":2.528,"red":"Terciaria"},"geometry":{"type":"LineString","coordinates":[[-62.6143032961651,-32.5962739111581],[-62.6139972859,-32.5951104746105],[-62.6130471789,-32.5913257972048],[-62.6128233806,-32.5904906018035],[-62.6122861404,-32.5883993668004],[-62.6116002869,-32.5855438734961],[-62.6113653773,-32.5855737704961],[-62.6111492054,-32.5856252012962],[-62.6107680431,-32.5856911447963],[-62.6103298376,-32.5857565651964],[-62.6098609375,-32.5858122694965],[-62.6093405541,-32.5858609128966],[-62.608801363,-32.5858933595966],[-62.6082178055,-32.5859253974967],[-62.6075774796,-32.5859355491967],[-62.6071021400999,-32.5859311891966],[-62.6066723102,-32.5859058821966],[-62.6061657731,-32.5858638472966],[-62.6056591657,-32.5858271501965],[-62.6053931857,-32.5858086843965],[-62.6052917807,-32.5858077526965],[-62.6051521414,-32.5858224916965],[-62.6049792334,-32.5858546610966],[-62.6022404412,-32.5863473658973],[-62.598529166,-32.5870263967983],[-62.5978423250357,-32.5871494716523]]}},{"type":"Feature","properties":{"id":"30309","fna":"Camino Provincial T391-04","gna":"Camino Provincial","rtn":"T391-04","fun":"6","rst":"No pavimentado","hct":"Camino Terciario","ccn":"C.C. 391 - COLONIA GENERAL BUSTOS","ccc":"CC391","rcc":"11","lzn":2.196,"red":"Terciaria"},"geometry":{"type":"LineString","coordinates":[[-62.6171501845608,-32.6076536941104],[-62.6147205957,-32.60809378283],[-62.6091694071,-32.6090818347315],[-62.6042280027,-32.6099713475328],[-62.5996961823,-32.610781890134],[-62.5942720887,-32.6117574356355],[-62.5942841191999,-32.6117626425355]]}},{"type":"Feature","properties":{"id":"30333","fna":"Camino Provincial T135-08","gna":"Camino Provincial","rtn":"T135-08","fun":"6","rst":"No pavimentado","hct":"Camino Terciario","ccn":"C.C. 135 - BELL VILLE","ccc":"CC135","rcc":"11","lzn":1.569,"red":"Terciaria"},"geometry":{"type":"LineString","coordinates":[[-62.6909181676,-32.5656939750662],[-62.6911761145,-32.5660143068667],[-62.6912297946,-32.5661071181668],[-62.691265274,-32.566194643767],[-62.691520461,-32.5672537649686],[-62.6918869362,-32.5688271685709],[-62.6918922866,-32.568888783671],[-62.6918549625,-32.5689551666711],[-62.6917813585,-32.5690007179712],[-62.6916774392,-32.5690357496712],[-62.6915555643,-32.5690449745712],[-62.6906108143,-32.5691344199714],[-62.6905009288,-32.5691591385714],[-62.6904272616,-32.5692098195715],[-62.6904084449,-32.5692558367716],[-62.6904138556,-32.5693123218717],[-62.6906580326,-32.5702738677731],[-62.6917959445,-32.5749002408801],[-62.6926862872,-32.5784905131855]]}},{"type":"Feature","properties":{"id":"30335","fna":"Camino Provincial T135-08","gna":"Camino Provincial","rtn":"T135-08","fun":"6","rst":"No pavimentado","hct":"Camino Terciario","ccn":"C.C. 135 - BELL VILLE","ccc":"CC135","rcc":"11","lzn":0.072,"red":"Terciaria"},"geometry":{"type":"LineString","coordinates":[[-62.6907819438702,-32.5650549033899],[-62.6908086574,-32.5651799603654],[-62.6908434596,-32.5653239194656],[-62.6908842262,-32.5654781911659],[-62.6909181676,-32.5656939750662]]}},{"type":"Feature","properties":{"id":"30349","fna":"Camino Provincial T135-09","gna":"Camino Provincial","rtn":"T135-09","fun":"6","rst":"No pavimentado","hct":"Camino Terciario","ccn":"C.C. 135 - BELL VILLE","ccc":"CC135","rcc":"11","lzn":1.28,"red":"Terciaria"},"geometry":{"type":"LineString","coordinates":[[-62.6909181676,-32.5656939750662],[-62.6905773885331,-32.5657700935671],[-62.6879281732,-32.5663275791672],[-62.6812284484,-32.5676982888692],[-62.6776698340477,-32.5684111759372]]}},{"type":"Feature","properties":{"id":"30402","fna":"Camino Provincial T135-11","gna":"Camino Provincial","rtn":"T135-11","fun":"6","rst":"No pavimentado","hct":"Camino Terciario","ccn":"C.C. 135 - BELL VILLE","ccc":"CC135","rcc":"11","lzn":7.303,"red":"Terciaria"},"geometry":{"type":"LineString","coordinates":[[-62.6290740850999,-32.5187278220952],[-62.6314875787,-32.5190506516959],[-62.6370675104,-32.5198182339971],[-62.6418261354,-32.5204843165981],[-62.6418914396,-32.5205030795981],[-62.6419392907,-32.5205217446981],[-62.6419957522,-32.5205551751982],[-62.6420389206,-32.5206142860983],[-62.6420685636,-32.5207285104984],[-62.6431184004,-32.525068200905],[-62.6441062034,-32.5291385273111],[-62.6453804451,-32.534369327419],[-62.6464917256,-32.5389677309259],[-62.6474854368,-32.5430549994321],[-62.6475024909,-32.5431066044322],[-62.6475370314,-32.5431546275323],[-62.647575994,-32.5431953166323],[-62.6476368075,-32.5432324480324],[-62.6477283448,-32.5432476747324],[-62.6495989397,-32.5434906018328],[-62.6496685692,-32.5435167432328],[-62.6497249619,-32.5435612077329],[-62.6497463817,-32.543612836633],[-62.6497887044,-32.5437823187332],[-62.651575394,-32.550966239944],[-62.6526929063,-32.5556748184511],[-62.6541244452,-32.5614135115598],[-62.6549112438,-32.5646615921647],[-62.655825073,-32.5683966633703],[-62.655883188,-32.5686027285706],[-62.6559343508,-32.5687612192708],[-62.6560374459,-32.5689788643711],[-62.656175524,-32.5691893435715],[-62.6562270294,-32.5693036851716],[-62.656681875,-32.5711332904744],[-62.6570509767022,-32.5726222868719]]}},{"type":"Feature","properties":{"id":"30497","fna":"Camino Provincial T391-07","gna":"Camino Provincial","rtn":"T391-07","fun":"6","rst":"No pavimentado","hct":"Camino Terciario","ccn":"C.C. 391 - COLONIA GENERAL BUSTOS","ccc":"CC391","rcc":"11","lzn":1.301,"red":"Terciaria"},"geometry":{"type":"LineString","coordinates":[[-62.5978423250357,-32.5871494716523],[-62.5962565065,-32.5874336183989],[-62.5924881794,-32.5880964022999],[-62.5877431209,-32.5889632642012],[-62.5842922199233,-32.5895847079429]]}},{"type":"Feature","properties":{"id":"30563","fna":"Camino Provincial T391-05","gna":"Camino Provincial","rtn":"T391-05","fun":"6","rst":"No pavimentado","hct":"Camino Terciario","ccn":"C.C. 391 - COLONIA GENERAL BUSTOS","ccc":"CC391","rcc":"11","lzn":2.165,"red":"Terciaria"},"geometry":{"type":"LineString","coordinates":[[-62.5464597775864,-32.5723076056406],[-62.5462150773,-32.5724014943763],[-62.546057478,-32.5724249620763],[-62.545808608,-32.5724653227764],[-62.5443277011,-32.5727180285768],[-62.542355269,-32.5730624845773],[-62.5369316267,-32.5740109331787],[-62.5268848106,-32.5757968344814],[-62.5241677619,-32.5762825969822],[-62.5241047081,-32.5763085841822],[-62.5240729336,-32.5763453835822],[-62.5240649487,-32.5763772597823],[-62.5240664441562,-32.5764693671455]]}},{"type":"Feature","properties":{"id":"30635","fna":"Camino Provincial T391-18","gna":"Camino Provincial","rtn":"T391-18","fun":"6","rst":"No pavimentado","hct":"Camino Terciario","ccn":"C.C. 391 - COLONIA GENERAL BUSTOS","ccc":"CC391","rcc":"11","lzn":1.981,"red":"Terciaria"},"geometry":{"type":"LineString","coordinates":[[-62.5719788823237,-32.567743791533],[-62.5667808075,-32.5686944795707],[-62.5664078043,-32.5687377067708],[-62.5645897774999,-32.5690721809713],[-62.5642656624,-32.5691322226714],[-62.5641279971,-32.5691768516714],[-62.5640444382999,-32.5692011439715],[-62.5639656428,-32.5692419932716],[-62.563891576,-32.5693035313717],[-62.5638226907,-32.5693320435717],[-62.5636801911,-32.5693683789718],[-62.5625065908,-32.5695720819721],[-62.5573162474,-32.5704735534734],[-62.554362327,-32.5710176342742],[-62.5541660985,-32.5710288404742],[-62.5539305738999,-32.5710480721742],[-62.5537834103,-32.5710554434743],[-62.553483896,-32.5711032111743],[-62.5529341106,-32.5712091381745],[-62.5524678271999,-32.5712641535746],[-62.5518000559,-32.5713716585747],[-62.5513773487679,-32.5714320067373]]}},{"type":"Feature","properties":{"id":"30824","fna":"Camino Provincial T391-07","gna":"Camino Provincial","rtn":"T391-07","fun":"6","rst":"No pavimentado","hct":"Camino Terciario","ccn":"C.C. 391 - COLONIA GENERAL BUSTOS","ccc":"CC391","rcc":"11","lzn":1.3,"red":"Terciaria"},"geometry":{"type":"LineString","coordinates":[[-62.5842922199233,-32.5895847079429],[-62.5824469742,-32.5899169597027],[-62.5745610223,-32.5913411378048],[-62.5707428369,-32.5920195011058]]}},{"type":"Feature","properties":{"id":"30924","fna":"Camino Provincial T391-10","gna":"Camino Provincial","rtn":"T391-10","fun":"6","rst":"No pavimentado","hct":"Camino Terciario","ccn":"C.C. 391 - COLONIA GENERAL BUSTOS","ccc":"CC391","rcc":"11","lzn":3.691,"red":"Terciaria"},"geometry":{"type":"LineString","coordinates":[[-62.5638477242807,-32.5351831828967],[-62.5644381698,-32.5375271649238],[-62.5657891539,-32.542952706432],[-62.5681868226,-32.5526254222465],[-62.5712746409,-32.5649190974651],[-62.5719788823237,-32.567743791533]]}},{"type":"Feature","properties":{"id":"31052","fna":"Camino Provincial T391-04","gna":"Camino Provincial","rtn":"T391-04","fun":"6","rst":"No pavimentado","hct":"Camino Terciario","ccn":"C.C. 391 - COLONIA GENERAL BUSTOS","ccc":"CC391","rcc":"11","lzn":4.852,"red":"Terciaria"},"geometry":{"type":"LineString","coordinates":[[-62.5858355998,-32.6137334168385],[-62.5826208101,-32.6142808861393],[-62.580527187,-32.6146662082399],[-62.5747269539,-32.6157024548414],[-62.5682561245,-32.6168483725432],[-62.5620433094,-32.6179566346448],[-62.5547252319,-32.6192675318468],[-62.5497181083,-32.6201868832482],[-62.5496504164,-32.6201970712482],[-62.5495914964,-32.6201753003482],[-62.5495664044999,-32.6201502144481],[-62.5495340889,-32.6200041054479],[-62.5495096452,-32.6199149805478],[-62.5494763574,-32.6198649298477],[-62.5494133218,-32.6198324553476],[-62.5493373620999,-32.6198247939476],[-62.5492188385,-32.6198488484477],[-62.5420595392,-32.6211237851496],[-62.5355335276509,-32.6222916390682]]}},{"type":"Feature","properties":{"id":"31707","fna":"Camino Provincial T391-15","gna":"Camino Provincial","rtn":"T391-15","fun":"6","rst":"No pavimentado","hct":"Camino Terciario","ccn":"C.C. 391 - COLONIA GENERAL BUSTOS","ccc":"CC391","rcc":"11","lzn":1.291,"red":"Terciaria"},"geometry":{"type":"LineString","coordinates":[[-62.5326955432758,-32.6108997614919],[-62.5330630472,-32.6124128002365],[-62.53409006,-32.6164861833426],[-62.5343454777,-32.6175066420441],[-62.535030244,-32.6203061834483],[-62.5355335276509,-32.6222916390682]]}},{"type":"Feature","properties":{"id":"31709","fna":"Camino Provincial S384","gna":"Camino Provincial","rtn":"S384","fun":"6","rst":"No pavimentado","hct":"Provincial Secundaria","ccn":"C.C. 391 - COLONIA GENERAL BUSTOS","ccc":"CC391","rcc":"11","lzn":3.011,"red":"Secundaria"},"geometry":{"type":"LineString","coordinates":[[-62.593415928884,-32.622890875855],[-62.5926519991,-32.6225881481518],[-62.5925380804,-32.6224490673516],[-62.5924687119,-32.6222988212513],[-62.5915769103,-32.618758576046],[-62.5915534065,-32.6186158493458],[-62.5917810755,-32.6185388611457],[-62.5941654154,-32.6181126452451],[-62.5942931139,-32.6180232478449],[-62.5942871943,-32.6178457992446],[-62.5928880553,-32.6122996876363]]}},{"type":"Feature","properties":{"id":"32266","fna":"Camino Provincial T065-23","gna":"Camino Provincial","rtn":"T065-23","fun":"6","rst":"No pavimentado","hct":"Camino Terciario","ccn":"C.C. 065 - CINTRA","ccc":"CC065","rcc":"11","lzn":2.945,"red":"Terciaria"},"geometry":{"type":"LineString","coordinates":[[-62.7281597670649,-32.4070122236745],[-62.7289929658,-32.4103894586316],[-62.7290267108879,-32.4105838443499]]}},{"type":"Feature","properties":{"id":"32290","fna":"Camino Provincial T269-01","gna":"Camino Provincial","rtn":"T269-01","fun":"6","rst":"No pavimentado","hct":"Camino Terciario","ccn":"C.C. 269 - SAN MARCOS SUD","ccc":"CC269","rcc":"19","lzn":0.484,"red":"Terciaria"},"geometry":{"type":"LineString","coordinates":[[-62.4711462638485,-32.5867672522481],[-62.4710249657,-32.5863243387973],[-62.4709859930999,-32.586117474397],[-62.4710083246999,-32.5859717574967],[-62.4711812750999,-32.5859012619966],[-62.4713765343999,-32.5858871749966],[-62.4747577890999,-32.5853051106957],[-62.4750988419405,-32.5852092793919]]}},{"type":"Feature","properties":{"id":"32315","fna":"Camino Provincial T269-01","gna":"Camino Provincial","rtn":"T269-01","fun":"6","rst":"No pavimentado","hct":"Camino Terciario","ccn":"C.C. 269 - SAN MARCOS SUD","ccc":"CC269","rcc":"19","lzn":2.699,"red":"Terciaria"},"geometry":{"type":"LineString","coordinates":[[-62.4714580299321,-32.5702183636739],[-62.4714629205999,-32.5700581844728],[-62.4715384434,-32.5698482204725],[-62.4718176651999,-32.569568442872],[-62.4898976516999,-32.5520912058457],[-62.4900172414999,-32.5519902046456],[-62.4901700795801,-32.5518251486131]]}},{"type":"Feature","properties":{"id":"32316","fna":"Camino Provincial T269-03","gna":"Camino Provincial","rtn":"T269-03","fun":"6","rst":"No pavimentado","hct":"Camino Terciario","ccn":"C.C. 269 - SAN MARCOS SUD","ccc":"CC269","rcc":"19","lzn":1.214,"red":"Terciaria"},"geometry":{"type":"LineString","coordinates":[[-62.5001725855,-32.5919717510058],[-62.5001474388999,-32.5918457937056],[-62.5001123217,-32.5917367538054],[-62.4975601211999,-32.5813997306899],[-62.4975790545835,-32.5812540327264]]}},{"type":"Feature","properties":{"id":"32355","fna":"Camino Provincial T391-11","gna":"Camino Provincial","rtn":"T391-11","fun":"6","rst":"No pavimentado","hct":"Camino Terciario","ccn":"C.C. 391 - COLONIA GENERAL BUSTOS","ccc":"CC391","rcc":"11","lzn":0.248,"red":"Terciaria"},"geometry":{"type":"LineString","coordinates":[[-62.5354842767918,-32.528901362924],[-62.5349405468,-32.5286956580105],[-62.5348624272,-32.5286679672104],[-62.5348026087,-32.5286559359104],[-62.5347379768,-32.5286671928104],[-62.5346824273,-32.5286940519105],[-62.5346128458,-32.5287441419105],[-62.5338332363,-32.5293377938114],[-62.5333631391429,-32.5296963467886]]}},{"type":"Feature","properties":{"id":"32359","fna":"Camino Provincial T135-12","gna":"Camino Provincial","rtn":"T135-12","fun":"6","rst":"No pavimentado","hct":"Camino Terciario","ccn":"C.C. 135 - BELL VILLE","ccc":"CC135","rcc":"11","lzn":3.451,"red":"Terciaria"},"geometry":{"type":"LineString","coordinates":[[-62.6290740850999,-32.5187278220952],[-62.6293232917,-32.5196658987968],[-62.6300775747,-32.522451669801],[-62.6303349017,-32.5233833179024],[-62.6303378058,-32.5234200908025],[-62.6303206658,-32.5234510365025],[-62.6302969594,-32.5234706181026],[-62.6302733219,-32.5234845469026],[-62.6302363102,-32.5234955330026],[-62.6301860277,-32.5234950970026],[-62.6301123835,-32.5234859782026],[-62.6299820629,-32.5234509271026],[-62.6240616263999,-32.5220740998005],[-62.6207423346,-32.5213109772993],[-62.620692123,-32.5213048845993],[-62.6206418417,-32.5213044448993],[-62.6205546529,-32.5213065089993],[-62.6204371909,-32.5213167883993],[-62.615130715,-32.5222217005007],[-62.6113218543,-32.5228645624017],[-62.6071830494,-32.5235500156027],[-62.6070822734,-32.5235660839027],[-62.6069547152,-32.5235790883028],[-62.6067735226,-32.5235916175028],[-62.6061497383,-32.5236087056028],[-62.6000651582,-32.523760996903],[-62.5999478380469,-32.5237774007776]]}},{"type":"Feature","properties":{"id":"32361","fna":"Camino Provincial T135-11","gna":"Camino Provincial","rtn":"T135-11","fun":"6","rst":"No pavimentado","hct":"Camino Terciario","ccn":"C.C. 135 - BELL VILLE","ccc":"CC135","rcc":"11","lzn":10.847,"red":"Terciaria"},"geometry":{"type":"LineString","coordinates":[[-62.5650387636996,-32.474971932128],[-62.568627066,-32.4742830391283],[-62.5766768351999,-32.472734110026],[-62.5857051181,-32.4709810715233],[-62.5980234721999,-32.4685948146197],[-62.612734593,-32.4657468125154],[-62.6144605359,-32.4654065985149],[-62.6145240724,-32.4654020986149],[-62.6145759843,-32.4654072718149],[-62.6146162315,-32.4654269886149],[-62.6146448542,-32.465456378615],[-62.6146616926,-32.4655149229151],[-62.6151894725,-32.4673298348178],[-62.6169200220999,-32.4738457253277],[-62.6186108455,-32.4801995284372],[-62.6206115083,-32.4876356993485],[-62.62275295,-32.4953518387601],[-62.6252090431,-32.5044150495738],[-62.6271226503,-32.5115228740845],[-62.628802127,-32.5177261037939],[-62.6290740850999,-32.5187278220952]]}},{"type":"Feature","properties":{"id":"42999","fna":"Camino Provincial T135-11","gna":"Camino Provincial","rtn":"T135-11","fun":"6","rst":"No pavimentado","hct":"Camino Terciario","ccn":"C.C. 135 - BELL VILLE","ccc":"CC135","rcc":"11","lzn":6.066,"red":"Terciaria"},"geometry":{"type":"LineString","coordinates":[[-62.6146162315,-32.4654269886149],[-62.6146448542,-32.465456378615],[-62.6146616926,-32.4655149229151],[-62.6151894725,-32.4673298348178],[-62.6169200220999,-32.4738457253277],[-62.6186108455,-32.4801995284372],[-62.6206115083,-32.4876356993485],[-62.62275295,-32.4953518387601],[-62.6252090431,-32.5044150495738],[-62.6271226503,-32.5115228740845],[-62.628802127,-32.5177261037939],[-62.6290740850999,-32.5187278220952]]}},{"type":"Feature","properties":{"id":"43000","fna":"Camino Provincial T135-11","gna":"Camino Provincial","rtn":"T135-11","fun":"6","rst":"No pavimentado","hct":"Camino Terciario","ccn":"C.C. 135 - BELL VILLE","ccc":"CC135","rcc":"11","lzn":4.781,"red":"Terciaria"},"geometry":{"type":"LineString","coordinates":[[-62.5650387636996,-32.474971932128],[-62.568627066,-32.4742830391283],[-62.5766768351999,-32.472734110026],[-62.5857051181,-32.4709810715233],[-62.5980234721999,-32.4685948146197],[-62.612734593,-32.4657468125154],[-62.6144605359,-32.4654065985149],[-62.6145240724,-32.4654020986149],[-62.6145759843,-32.4654072718149],[-62.6146162315,-32.4654269886149]]}},{"type":"Feature","properties":{"id":"44669","fna":"Camino Provincial T391-16","gna":"Camino Provincial","rtn":"T391-16","fun":"6","rst":"No pavimentado","hct":"Camino Terciario","ccn":"C.C. 391 - COLONIA GENERAL BUSTOS","ccc":"CC391","rcc":"11","lzn":0.604,"red":"Terciaria"},"geometry":{"type":"LineString","coordinates":[[-62.5805709296537,-32.6023500980472],[-62.5812974429,-32.6053849506259],[-62.5818573443656,-32.6076883236777]]}},{"type":"Feature","properties":{"id":"45070","fna":"Camino Provincial S331","gna":"Camino Provincial","rtn":"S331","fun":"6","rst":"No pavimentado","hct":"Provincial Secundaria","ccn":"C.C. 132 - NOETINGER","ccc":"CC132","rcc":"19","lzn":2.374,"red":"Secundaria"},"geometry":{"type":"LineString","coordinates":[[-62.3497020739871,-32.4234740931054],[-62.3507011471662,-32.4275671650602],[-62.3514332669613,-32.4306034262312],[-62.3520530806534,-32.4331392584381],[-62.3547784118955,-32.4444451685629]]}},{"type":"Feature","properties":{"id":"45071","fna":"Camino Provincial S331","gna":"Camino Provincial","rtn":"S331","fun":"6","rst":"No pavimentado","hct":"Provincial Secundaria","ccn":"C.C. 132 - NOETINGER","ccc":"CC132","rcc":"19","lzn":0.96,"red":"Secundaria"},"geometry":{"type":"LineString","coordinates":[[-62.3476489978679,-32.4149945662071],[-62.3488077060809,-32.4197581414732],[-62.3496720347966,-32.4233510208056],[-62.3497020739871,-32.4234740931054]]}},{"type":"Feature","properties":{"id":"45199","fna":"Camino Provincial T028-19","gna":"Camino Provincial","rtn":"T028-19","fun":"6","rst":"No pavimentado","hct":"Camino Terciario","ccn":"C.C. 028 - CHILIBROSTE","ccc":"CC028","rcc":"11","lzn":0.21,"red":"Terciaria"},"geometry":{"type":"LineString","coordinates":[[-62.4677030544736,-32.417618842896],[-62.4675674732,-32.4176723922426],[-62.4655267432044,-32.4180262684235]]}},{"type":"Feature","properties":{"id":"45187","fna":"Camino Provincial T028-19","gna":"Camino Provincial","rtn":"T028-19","fun":"6","rst":"No pavimentado","hct":"Camino Terciario","ccn":"C.C. 028 - CHILIBROSTE","ccc":"CC028","rcc":"11","lzn":4.035,"red":"Terciaria"},"geometry":{"type":"LineString","coordinates":[[-62.50973849411,-32.4103665524884],[-62.5096332786999,-32.4103842084316],[-62.5073881681,-32.4107595943322],[-62.5033138496,-32.4114558361332],[-62.4978491164,-32.4123758101346],[-62.4937356065999,-32.4130869669357],[-62.4896940876,-32.4137987299368],[-62.4845047006,-32.4147063325381],[-62.4793431387999,-32.4155965783395],[-62.4740726627,-32.4165023605409],[-62.4677030544736,-32.417618842896]]}},{"type":"Feature","properties":{"id":"45188","fna":"Camino Provincial S384","gna":"Camino Provincial","rtn":"S384","fun":"6","rst":"No pavimentado","hct":"Provincial Secundaria","ccn":"C.C. 028 - CHILIBROSTE","ccc":"CC028","rcc":"11","lzn":3.511,"red":"Secundaria"},"geometry":{"type":"LineString","coordinates":[[-62.5566921358814,-32.4441114613554],[-62.5574894936999,-32.4471413771873],[-62.5613849939,-32.4614265697089],[-62.5650387636996,-32.474971932128]]}},{"type":"Feature","properties":{"id":"45189","fna":"Camino Provincial S384","gna":"Camino Provincial","rtn":"S384","fun":"6","rst":"No pavimentado","hct":"Provincial Secundaria","ccn":"C.C. 028 - CHILIBROSTE","ccc":"CC028","rcc":"11","lzn":0.83,"red":"Secundaria"},"geometry":{"type":"LineString","coordinates":[[-62.5547482597736,-32.4368110895993],[-62.5553249349999,-32.4389509560749],[-62.5563881709999,-32.4428668421808],[-62.5566553896,-32.4439718225824],[-62.5566921358814,-32.4441114613554]]}},{"type":"Feature","properties":{"id":"45190","fna":"Camino Provincial S384","gna":"Camino Provincial","rtn":"S384","fun":"6","rst":"No pavimentado","hct":"Provincial Secundaria","ccn":"C.C. 028 - CHILIBROSTE","ccc":"CC028","rcc":"11","lzn":0.94,"red":"Secundaria"},"geometry":{"type":"LineString","coordinates":[[-62.5525047072532,-32.4285511071433],[-62.5529553224999,-32.4301573924616],[-62.5547482597736,-32.4368110895993]]}},{"type":"Feature","properties":{"id":"45191","fna":"Camino Provincial S384","gna":"Camino Provincial","rtn":"S384","fun":"6","rst":"No pavimentado","hct":"Provincial Secundaria","ccn":"C.C. 028 - CHILIBROSTE","ccc":"CC028","rcc":"11","lzn":1.11,"red":"Secundaria"},"geometry":{"type":"LineString","coordinates":[[-62.5498962484823,-32.4187894462473],[-62.5513020018,-32.4240516831523],[-62.552192918,-32.4274396540574],[-62.5525047072532,-32.4285511071433]]}},{"type":"Feature","properties":{"id":"45192","fna":"Camino Provincial S384","gna":"Camino Provincial","rtn":"S384","fun":"6","rst":"No pavimentado","hct":"Provincial Secundaria","ccn":"C.C. 028 - CHILIBROSTE","ccc":"CC028","rcc":"11","lzn":2.26,"red":"Secundaria"},"geometry":{"type":"LineString","coordinates":[[-62.5396463641697,-32.4052665705975],[-62.5397590104,-32.4052795681238],[-62.5456134194,-32.4042392102223],[-62.5458471315,-32.4042090178222],[-62.5459549733,-32.4042763375223],[-62.546040541,-32.4044896848227],[-62.547277245,-32.4089839370295],[-62.5498962484823,-32.4187894462473]]}},{"type":"Feature","properties":{"id":"45196","fna":"Camino Provincial T028-19","gna":"Camino Provincial","rtn":"T028-19","fun":"6","rst":"No pavimentado","hct":"Camino Terciario","ccn":"C.C. 028 - CHILIBROSTE","ccc":"CC028","rcc":"11","lzn":1.7,"red":"Terciaria"},"geometry":{"type":"LineString","coordinates":[[-62.5274583808154,-32.4073598551941],[-62.5268573553999,-32.4074615410272],[-62.5204357448999,-32.4085572830288],[-62.5160842170999,-32.4092998444299],[-62.5113035553,-32.4100989489312],[-62.510158418,-32.4102960851315],[-62.50973849411,-32.4103665524884]]}},{"type":"Feature","properties":{"id":"45197","fna":"Camino Provincial T028-19","gna":"Camino Provincial","rtn":"T028-19","fun":"6","rst":"No pavimentado","hct":"Camino Terciario","ccn":"C.C. 028 - CHILIBROSTE","ccc":"CC028","rcc":"11","lzn":1.17,"red":"Terciaria"},"geometry":{"type":"LineString","coordinates":[[-62.5396463641697,-32.4052665705975],[-62.5395398085,-32.4053004433239],[-62.5367215297,-32.4057844156246],[-62.5323959317,-32.4065243671257],[-62.5274583808154,-32.4073598551941]]}},{"type":"Feature","properties":{"id":"45198","fna":"Camino Provincial T028-19","gna":"Camino Provincial","rtn":"T028-19","fun":"6","rst":"No pavimentado","hct":"Camino Terciario","ccn":"C.C. 028 - CHILIBROSTE","ccc":"CC028","rcc":"11","lzn":0.008,"red":"Terciaria"},"geometry":{"type":"LineString","coordinates":[[-62.4655267432044,-32.4180262684235],[-62.4654402625999,-32.4180412639432]]}},{"type":"Feature","properties":{"id":"45227","fna":"Camino Provincial T135-07","gna":"Camino Provincial","rtn":"T135-07","fun":"6","rst":"No pavimentado","hct":"Camino Terciario","ccn":"C.C. 135 - BELL VILLE","ccc":"CC135","rcc":"11","lzn":1.392,"red":"Terciaria"},"geometry":{"type":"LineString","coordinates":[[-62.6662488292528,-32.5220696823246],[-62.6662445409,-32.5220878462005],[-62.6662619526,-32.5221742531006],[-62.6663404691,-32.5225240993012],[-62.6677090458,-32.5280480166095],[-62.668636387,-32.5318113308152],[-62.6692698557049,-32.5343582432992]]}},{"type":"Feature","properties":{"id":"45228","fna":"Camino Provincial T135-07","gna":"Camino Provincial","rtn":"T135-07","fun":"6","rst":"No pavimentado","hct":"Camino Terciario","ccn":"C.C. 135 - BELL VILLE","ccc":"CC135","rcc":"11","lzn":9.68,"red":"Terciaria"},"geometry":{"type":"LineString","coordinates":[[-62.6475741697045,-32.4395093455651],[-62.6478463254,-32.4404849994772],[-62.6485634759,-32.4431676175813],[-62.6493901534,-32.4461924100858],[-62.6513141211,-32.4532384260965],[-62.652760351,-32.4585919899046],[-62.6542395504,-32.4640369057128],[-62.6555816425,-32.4689397034202],[-62.6567536979,-32.4732561760267],[-62.6580743782,-32.4781429861341],[-62.6593678017,-32.4828847103413],[-62.660966798,-32.48863771975],[-62.6611103321,-32.4891822703508],[-62.6625762458,-32.494586436159],[-62.6642836219,-32.5008977161685],[-62.6661839494,-32.5078978902791],[-62.6680554975,-32.5147774528894],[-62.6696631317,-32.5206911288984],[-62.6698599245,-32.5213262237993],[-62.6698684026,-32.5214035699994],[-62.6698484646,-32.5214684925995],[-62.6698099826,-32.5215008843996],[-62.6697383359,-32.5215291921997],[-62.6695528446,-32.5215494066997],[-62.6664587496,-32.5219020366002],[-62.6663705086,-32.5219377480003],[-62.6662968246,-32.5219813104004],[-62.6662566352,-32.5220366192004],[-62.6662488292528,-32.5220696823246]]}},{"type":"Feature","properties":{"id":"45241","fna":"Camino Provincial T055-06","gna":"Camino Provincial","rtn":"T055-06","fun":"6","rst":"No pavimentado","hct":"Camino Terciario","ccn":"C.C. 055 - MÓRRISON","ccc":"CC055","rcc":"11","lzn":4.78,"red":"Terciaria"},"geometry":{"type":"LineString","coordinates":[[-62.7479625017316,-32.4853833579175],[-62.7476773325,-32.4853924874451],[-62.747523073546,-32.4853467445128]]}},{"type":"Feature","properties":{"id":"45243","fna":"Camino Provincial T065-26","gna":"Camino Provincial","rtn":"T065-26","fun":"6","rst":"No pavimentado","hct":"Camino Terciario","ccn":"C.C. 065 - CINTRA","ccc":"CC065","rcc":"11","lzn":1.072,"red":"Terciaria"},"geometry":{"type":"LineString","coordinates":[[-62.6444897388,-32.4275614877576],[-62.6444530494,-32.4275362637576],[-62.6444126002,-32.4275172498575],[-62.6443572739999,-32.4275074825575],[-62.6442759212,-32.4275131173575],[-62.6442092831,-32.4275250991576],[-62.6395617366,-32.4284089039589],[-62.634796498,-32.4292987881602],[-62.6333750683734,-32.4295662436059]]}},{"type":"Feature","properties":{"id":"45244","fna":"Camino Provincial T065-26","gna":"Camino Provincial","rtn":"T065-26","fun":"6","rst":"No pavimentado","hct":"Camino Terciario","ccn":"C.C. 065 - CINTRA","ccc":"CC065","rcc":"11","lzn":1.356,"red":"Terciaria"},"geometry":{"type":"LineString","coordinates":[[-62.6475741697045,-32.4395093455651],[-62.6473122458999,-32.4384850833741],[-62.646528512,-32.4353825139695],[-62.6456745664,-32.4320941629644],[-62.6450300486999,-32.4296505677608],[-62.6445041614,-32.4275959037577],[-62.6444897388,-32.4275614877576]]}},{"type":"Feature","properties":{"id":"45240","fna":"Camino Provincial T055-06","gna":"Camino Provincial","rtn":"T055-06","fun":"6","rst":"No pavimentado","hct":"Camino Terciario","ccn":"C.C. 055 - MÓRRISON","ccc":"CC055","rcc":"11","lzn":5.421,"red":"Terciaria"},"geometry":{"type":"LineString","coordinates":[[-62.747523073546,-32.4853467445128],[-62.7474731034,-32.485331926645],[-62.7473508165,-32.4851687967447],[-62.7472986454,-32.4850591867446],[-62.7472643393,-32.484697928144],[-62.74724178,-32.4844679148437],[-62.7471592384,-32.4840887622431],[-62.7356931912,-32.4375406850727]]}},{"type":"Feature","properties":{"id":"45328","fna":"Ruta Provincial 3","gna":"Ruta Provincial","rtn":"RP3","fun":"6","rst":"Pavimento","hct":"Provincial Primaria","ccn":"No aplica","ccc":"No aplica","rcc":"11","lzn":2.667,"red":"Primaria"},"geometry":{"type":"LineString","coordinates":[[-62.7032081004242,-32.5631787316509],[-62.7033468270574,-32.5673391446626],[-62.7033692959983,-32.5680363546124],[-62.7033484300387,-32.568315270698],[-62.7033301246801,-32.5684862974457],[-62.7033143316694,-32.5686552596323],[-62.703290356809,-32.5688148812058],[-62.7032748981586,-32.5689991657632],[-62.7032704220072,-32.569161039682],[-62.7032798150558,-32.5693158101321],[-62.7032946483876,-32.5694517890775],[-62.7033317641824,-32.5695900071324],[-62.7033801447603,-32.5697476857516],[-62.7034507398028,-32.5698974719063],[-62.7035239919882,-32.5700284798503],[-62.703613960443,-32.5701617534973],[-62.7037445434763,-32.5703223548281],[-62.7038538532886,-32.5704344242939],[-62.7040050086182,-32.5705603673832],[-62.7041329564147,-32.570648526028],[-62.7043131183891,-32.5707563021746],[-62.7044704363978,-32.570834825758],[-62.7046391112291,-32.5709007155214],[-62.7048119887026,-32.570961546501],[-62.7050109872264,-32.5710207838942],[-62.7051138958246,-32.5710531152639]]}},{"type":"Feature","properties":{"id":"45469","fna":"Ruta Provincial 3","gna":"Ruta Provincial","rtn":"RP3","fun":"6","rst":"Pavimento","hct":"Provincial Primaria","ccn":"No aplica","ccc":"No aplica","rcc":"11","lzn":3.999,"red":"Primaria"},"geometry":{"type":"LineString","coordinates":[[-62.6840056944338,-32.4938640963192],[-62.6843851890629,-32.4955267505758],[-62.6849146584226,-32.4978610221258],[-62.6851119017193,-32.498721296481],[-62.6860965744823,-32.5030392774048],[-62.6867651850792,-32.5059864615105],[-62.6870120776135,-32.5070779786888],[-62.6879375508673,-32.5111229795549],[-62.6881312205265,-32.5119446734532],[-62.6890075059691,-32.5157577537456],[-62.6897466213545,-32.5190223811837],[-62.6901985006165,-32.5209917345309],[-62.6909615074232,-32.5243025117997],[-62.691119129953,-32.5249780422055],[-62.6912210235581,-32.5253573707732],[-62.6913322079964,-32.525696374014],[-62.6915013376346,-32.5261148230998],[-62.69175294,-32.5266130074073],[-62.6920387259888,-32.5270645121575],[-62.6923787502,-32.5275289000087],[-62.6929335273212,-32.5281794793092],[-62.6935299054695,-32.5287751765821]]}},{"type":"Feature","properties":{"id":"45470","fna":"Ruta Provincial 3","gna":"Ruta Provincial","rtn":"RP3","fun":"6","rst":"Pavimento","hct":"Provincial Primaria","ccn":"No aplica","ccc":"No aplica","rcc":"11","lzn":2.61,"red":"Primaria"},"geometry":{"type":"LineString","coordinates":[[-62.6784749455283,-32.4708020248959],[-62.679589210752,-32.4750824356952],[-62.6804882614387,-32.4785341523392],[-62.6806594295893,-32.4792450905686],[-62.6809957890814,-32.4806865887772],[-62.6814325727441,-32.4826257917581],[-62.6816500082473,-32.4835596661429],[-62.6819735945714,-32.4849804968381],[-62.6824269993345,-32.486928122571],[-62.6826142957808,-32.4877695907225],[-62.6831255535277,-32.4899935375927],[-62.6835099798428,-32.4916833554678],[-62.6836644060358,-32.4923687798818],[-62.6840056944338,-32.4938640963192]]}},{"type":"Feature","properties":{"id":"45471","fna":"Ruta Provincial 3","gna":"Ruta Provincial","rtn":"RP3","fun":"6","rst":"Pavimento","hct":"Provincial Primaria","ccn":"No aplica","ccc":"No aplica","rcc":"11","lzn":2.8,"red":"Primaria"},"geometry":{"type":"LineString","coordinates":[[-62.6734363539703,-32.4460076810153],[-62.6734404145584,-32.4460235326519],[-62.6737039299866,-32.4471133165057],[-62.6742402352422,-32.4493135742013],[-62.6744945372456,-32.4503382832862],[-62.6752599657576,-32.4534522754854],[-62.6755948013153,-32.4548096635194],[-62.6761285169933,-32.4569830902034],[-62.676364206251,-32.4579711527285],[-62.6764451033225,-32.4583583060458],[-62.6765028155084,-32.4587728236011],[-62.6765350109799,-32.4592404054103],[-62.6765347683656,-32.4597045643793],[-62.6765020752217,-32.4601874786545],[-62.6764414928807,-32.4608272974436],[-62.67640884603,-32.4612202740495],[-62.6763854990273,-32.4615533874569],[-62.6763807096983,-32.4618486159215],[-62.6763898003727,-32.4621888186548],[-62.6764336062255,-32.4626120378888],[-62.6764543407106,-32.4628427553513],[-62.6765190321336,-32.4632103513099],[-62.6766549366301,-32.4637619590655],[-62.6770156940001,-32.4651908823871],[-62.6773150072656,-32.4663265278398],[-62.678036850591,-32.4690871289863],[-62.6784657272621,-32.4707666115366],[-62.6784749455283,-32.4708020248959]]}},{"type":"Feature","properties":{"id":"45472","fna":"Ruta Provincial 3","gna":"Ruta Provincial","rtn":"RP3","fun":"6","rst":"Pavimento","hct":"Provincial Primaria","ccn":"No aplica","ccc":"No aplica","rcc":"11","lzn":2.169,"red":"Primaria"},"geometry":{"type":"LineString","coordinates":[[-62.6988239601927,-32.5439972370831],[-62.6995129524,-32.5467833581377],[-62.7006472137615,-32.5513593971179],[-62.7015109577592,-32.5548549644506],[-62.7025031235,-32.5588259942559],[-62.7030337044,-32.5609921803591],[-62.7030880744122,-32.5612192322307],[-62.7031220621949,-32.5614455608094],[-62.7031503592887,-32.5617499863624],[-62.7031750665389,-32.5621879949726],[-62.7032081004242,-32.5631787316509]]}},{"type":"Feature","properties":{"id":"45482","fna":"Ruta Provincial 3","gna":"Ruta Provincial","rtn":"RP3","fun":"6","rst":"Pavimento","hct":"Provincial Primaria","ccn":"No aplica","ccc":"No aplica","rcc":"11","lzn":1.781,"red":"Primaria"},"geometry":{"type":"LineString","coordinates":[[-62.6935299054695,-32.5287751765821],[-62.6936011632125,-32.5288463522564],[-62.6938918341144,-32.5291453028569],[-62.6942975155412,-32.5295716244068],[-62.6946915990048,-32.5300214038263],[-62.695079199645,-32.5305362985049],[-62.6953967458943,-32.5310466694713],[-62.6956001100949,-32.5314641852636],[-62.6957553727251,-32.5318278807238],[-62.6959129365951,-32.5322534152327],[-62.6960704565956,-32.5328282689933],[-62.6962603896191,-32.5335873769142],[-62.6968077594608,-32.5358267022589],[-62.6972200745573,-32.5375118392918],[-62.6975001367044,-32.5386435202312],[-62.6988239601927,-32.5439972370831]]}},{"type":"Feature","properties":{"id":"45578","fna":"Ruta Provincial 3","gna":"Ruta Provincial","rtn":"RP3","fun":"6","rst":"Pavimento","hct":"Provincial Primaria","ccn":"No aplica","ccc":"No aplica","rcc":"11","lzn":4.287,"red":"Primaria"},"geometry":{"type":"LineString","coordinates":[[-62.68619241945,-32.4138099040805],[-62.6862330732424,-32.4139740895319],[-62.6868955106074,-32.4166527461554],[-62.6870757734658,-32.4173674235795],[-62.6871423522219,-32.41763852963],[-62.6871980406769,-32.4179234167201],[-62.6872470149351,-32.4181441878763]]}},{"type":"Feature","properties":{"id":"46051","fna":"Camino Provincial T132-02","gna":"Camino Provincial","rtn":"T132-02","fun":"6","rst":"No pavimentado","hct":"Camino Terciario","ccn":"C.C. 132 - NOETINGER","ccc":"CC132","rcc":"19","lzn":5.887,"red":"Terciaria"},"geometry":{"type":"LineString","coordinates":[[-62.2953749110954,-32.4240900164879],[-62.2946717082673,-32.4242121392472]]}},{"type":"Feature","properties":{"id":"46079","fna":"Camino Provincial T132-14","gna":"Camino Provincial","rtn":"T132-14","fun":"6","rst":"No pavimentado","hct":"Camino Terciario","ccn":"C.C. 132 - NOETINGER","ccc":"CC132","rcc":"19","lzn":2.114,"red":"Terciaria"},"geometry":{"type":"LineString","coordinates":[[-62.3767908191855,-32.4405786398995],[-62.3547784118955,-32.4444451685629]]}},{"type":"Feature","properties":{"id":"46080","fna":"Camino Provincial T132-14","gna":"Camino Provincial","rtn":"T132-14","fun":"6","rst":"No pavimentado","hct":"Camino Terciario","ccn":"C.C. 132 - NOETINGER","ccc":"CC132","rcc":"19","lzn":1.34,"red":"Terciaria"},"geometry":{"type":"LineString","coordinates":[[-62.3907428392667,-32.4381257656669],[-62.3767908191855,-32.4405786398995]]}},{"type":"Feature","properties":{"id":"46090","fna":"Camino Provincial T132-13","gna":"Camino Provincial","rtn":"T132-13","fun":"6","rst":"No pavimentado","hct":"Camino Terciario","ccn":"C.C. 132 - NOETINGER","ccc":"CC132","rcc":"19","lzn":0.307,"red":"Terciaria"},"geometry":{"type":"LineString","coordinates":[[-62.3906418294429,-32.4377099623496],[-62.3907428392667,-32.4381257656669]]}},{"type":"Feature","properties":{"id":"46261","fna":"Camino Provincial T027-09","gna":"Camino Provincial","rtn":"T027-09","fun":"6","rst":"No pavimentado","hct":"Camino Terciario","ccn":"C.C. 027 - LEONES","ccc":"CC027","rcc":"19","lzn":2.06,"red":"Terciaria"},"geometry":{"type":"LineString","coordinates":[[-62.3730339025866,-32.584672240982],[-62.3723173846352,-32.5847977160837]]}},{"type":"Feature","properties":{"id":"46264","fna":"Camino Provincial T027-08","gna":"Camino Provincial","rtn":"T027-08","fun":"6","rst":"No pavimentado","hct":"Camino Terciario","ccn":"C.C. 027 - LEONES","ccc":"CC027","rcc":"19","lzn":2.06,"red":"Terciaria"},"geometry":{"type":"LineString","coordinates":[[-62.3773163662785,-32.6027036580158],[-62.3767854229532,-32.6027989805929]]}},{"type":"Feature","properties":{"id":"46383","fna":"Camino Provincial T269-16","gna":"Camino Provincial","rtn":"T269-16","fun":"6","rst":"No pavimentado","hct":"Camino Terciario","ccn":"C.C. 269 - SAN MARCOS SUD","ccc":"CC269","rcc":"19","lzn":1.506,"red":"Terciaria"},"geometry":{"type":"LineString","coordinates":[[-62.4741280147559,-32.6337160980373],[-62.4584197114601,-32.6365189123079]]}},{"type":"Feature","properties":{"id":"46390","fna":"Camino Provincial T269-27","gna":"Camino Provincial","rtn":"T269-27","fun":"6","rst":"No pavimentado","hct":"Camino Terciario","ccn":"C.C. 269 - SAN MARCOS SUD","ccc":"CC269","rcc":"19","lzn":1.736,"red":"Terciaria"},"geometry":{"type":"LineString","coordinates":[[-62.5088950285381,-32.6270570130511],[-62.5087540633,-32.6270716289585],[-62.508292823,-32.6271637528586],[-62.5071847164,-32.627371619059],[-62.4908056296756,-32.630320153835]]}},{"type":"Feature","properties":{"id":"46394","fna":"Camino Provincial T269-19","gna":"Camino Provincial","rtn":"T269-19","fun":"6","rst":"No pavimentado","hct":"Camino Terciario","ccn":"C.C. 269 - SAN MARCOS SUD","ccc":"CC269","rcc":"19","lzn":1.3,"red":"Terciaria"},"geometry":{"type":"LineString","coordinates":[[-62.4121832504444,-32.6204726654577],[-62.4111257772462,-32.6206623110815]]}},{"type":"Feature","properties":{"id":"46625","fna":"Ruta Provincial E59","gna":"Ruta Provincial","rtn":"E59","fun":"6","rst":"Pavimento","hct":"Provincial Primaria","ccn":"No aplica","ccc":"No aplica","rcc":"19","lzn":1.38,"red":"Primaria"},"geometry":{"type":"LineString","coordinates":[[-62.3102083060036,-32.5101339135601],[-62.3106484645791,-32.511953066039],[-62.3114838179132,-32.5153833917718],[-62.3122315093054,-32.5184423308427],[-62.3130620574345,-32.5218667824489],[-62.3131726264539,-32.5223212643063]]}},{"type":"Feature","properties":{"id":"46633","fna":"Ruta Provincial E59","gna":"Ruta Provincial","rtn":"E59","fun":"6","rst":"Pavimento","hct":"Provincial Primaria","ccn":"No aplica","ccc":"No aplica","rcc":"19","lzn":2.693,"red":"Primaria"},"geometry":{"type":"LineString","coordinates":[[-62.3131726264539,-32.5223212643063],[-62.3137627212076,-32.5247467077764],[-62.3147521297907,-32.5288041252304],[-62.3157811800996,-32.5330288395021],[-62.3166921872752,-32.5367871923729],[-62.3175102753775,-32.5401495268716],[-62.3187091930328,-32.5450885499378],[-62.3189570740477,-32.5461058342477]]}},{"type":"Feature","properties":{"id":"46970","fna":"Camino Provincial T027-10","gna":"Camino Provincial","rtn":"T027-10","fun":"6","rst":"No pavimentado","hct":"Camino Terciario","ccn":"C.C. 027 - LEONES","ccc":"CC027","rcc":"19","lzn":0.85,"red":"Terciaria"},"geometry":{"type":"LineString","coordinates":[[-62.351021746525,-32.5405076997311],[-62.3421597408524,-32.5420557950312]]}},{"type":"Feature","properties":{"id":"46971","fna":"Camino Provincial T027-10","gna":"Camino Provincial","rtn":"T027-10","fun":"6","rst":"No pavimentado","hct":"Camino Terciario","ccn":"C.C. 027 - LEONES","ccc":"CC027","rcc":"19","lzn":1.02,"red":"Terciaria"},"geometry":{"type":"LineString","coordinates":[[-62.3616557657885,-32.5386491553474],[-62.351021746525,-32.5405076997311]]}},{"type":"Feature","properties":{"id":"47039","fna":"Camino Provincial T027-10","gna":"Camino Provincial","rtn":"T027-10","fun":"6","rst":"No pavimentado","hct":"Camino Terciario","ccn":"C.C. 027 - LEONES","ccc":"CC027","rcc":"19","lzn":1.196,"red":"Terciaria"},"geometry":{"type":"LineString","coordinates":[[-62.3421597408524,-32.5420557950312],[-62.3296854468157,-32.5442337650514]]}},{"type":"Feature","properties":{"id":"47309","fna":"Camino Provincial S331","gna":"Camino Provincial","rtn":"S331","fun":"6","rst":"No pavimentado","hct":"Provincial Secundaria","ccn":"C.C. 132 - NOETINGER","ccc":"CC132","rcc":"19","lzn":2.395,"red":"Secundaria"},"geometry":{"type":"LineString","coordinates":[[-62.375265820202,-32.4800495592613],[-62.3763180181172,-32.4798814588725],[-62.3806916974472,-32.4791146708366],[-62.3902995581491,-32.4774317967406],[-62.3963958031159,-32.4763584787534],[-62.3986872002697,-32.4759616321602],[-62.3988560434423,-32.4759375861594],[-62.3990002321806,-32.4759423547598],[-62.3991406301796,-32.475958327641],[-62.3993167424904,-32.4759995154354],[-62.3994590482757,-32.4760474977373],[-62.3995691028317,-32.4760986884228],[-62.3996829551326,-32.4761594811866],[-62.3997873305911,-32.4762474847927],[-62.3998879125123,-32.4763370897826],[-62.4000032241596,-32.4764921520462]]}},{"type":"Feature","properties":{"id":"47310","fna":"Camino Provincial S331","gna":"Camino Provincial","rtn":"S331","fun":"6","rst":"No pavimentado","hct":"Provincial Secundaria","ccn":"C.C. 132 - NOETINGER","ccc":"CC132","rcc":"19","lzn":1.0,"red":"Secundaria"},"geometry":{"type":"LineString","coordinates":[[-62.3648491570793,-32.4818802627046],[-62.3752157051789,-32.4800575654611],[-62.375265820202,-32.4800495592613]]}},{"type":"Feature","properties":{"id":"47870","fna":"Ruta Provincial E59","gna":"Ruta Provincial","rtn":"E59","fun":"6","rst":"Pavimento","hct":"Provincial Primaria","ccn":"No aplica","ccc":"No aplica","rcc":"19","lzn":4.004,"red":"Primaria"},"geometry":{"type":"LineString","coordinates":[[-62.2973454755485,-32.4328586738473],[-62.2974446452497,-32.4332727206579],[-62.2976298222418,-32.4340188397149],[-62.2983472417538,-32.4369687173854],[-62.298515211446,-32.4376614657171],[-62.2990545969553,-32.439877914885],[-62.2997692563176,-32.4428233258311],[-62.3005435684986,-32.4460029640836],[-62.3009546229264,-32.44769126845],[-62.3010297103028,-32.4480053166527],[-62.3011085754155,-32.4483686706257],[-62.3012923968368,-32.4492650785236],[-62.3015951638804,-32.4507061970191],[-62.3018224690148,-32.4516466028384],[-62.30226415227,-32.4534806597129],[-62.3025275031742,-32.454552217475],[-62.3031275427555,-32.4569923368482],[-62.303959948778,-32.4603706938125],[-62.3045205216667,-32.4626729976893],[-62.3045718510025,-32.4628998871675],[-62.304619442656,-32.4631778348745],[-62.3046566669893,-32.4633978531077],[-62.30467101855,-32.4637415126743],[-62.3046760197246,-32.4639426607099],[-62.3046688733212,-32.46414887674],[-62.304645355171,-32.4643949486494],[-62.3046222896405,-32.464555083789],[-62.3046012263029,-32.4647186354428],[-62.3045617149074,-32.4649327128401],[-62.3045140747638,-32.4651558219128],[-62.3044400074045,-32.4654101312205],[-62.3043641741089,-32.4656160895812],[-62.3042759671355,-32.4658398444918],[-62.3041860544098,-32.4660338187197],[-62.3040717374626,-32.4662583817464],[-62.3039229626603,-32.4665044384963],[-62.3037149039018,-32.4668360416451],[-62.303318056081,-32.4673850992034],[-62.3028824738435,-32.4679911576861]]}},{"type":"Feature","properties":{"id":"47871","fna":"Ruta Provincial E59","gna":"Ruta Provincial","rtn":"E59","fun":"6","rst":"Pavimento","hct":"Provincial Primaria","ccn":"No aplica","ccc":"No aplica","rcc":"19","lzn":0.99,"red":"Primaria"},"geometry":{"type":"LineString","coordinates":[[-62.2953749110954,-32.4240900164879],[-62.2957387136232,-32.4257004241651],[-62.2962031039196,-32.4278438682105],[-62.2966099038348,-32.4297868556445],[-62.296833107678,-32.4307194097925],[-62.2973454755485,-32.4328586738473]]}},{"type":"Feature","properties":{"id":"48315","fna":"Camino Provincial T065-09","gna":"Camino Provincial","rtn":"T065-09","fun":"6","rst":"No pavimentado","hct":"Camino Terciario","ccn":"C.C. 065 - CINTRA","ccc":"CC065","rcc":"11","lzn":1.449,"red":"Terciaria"},"geometry":{"type":"LineString","coordinates":[[-62.7023082019809,-32.4153864996802],[-62.6999755777,-32.4158004404398],[-62.6925396981,-32.4171716358419],[-62.6872470149351,-32.4181441878763]]}},{"type":"Feature","properties":{"id":"48316","fna":"Camino Provincial T065-09","gna":"Camino Provincial","rtn":"T065-09","fun":"6","rst":"No pavimentado","hct":"Camino Terciario","ccn":"C.C. 065 - CINTRA","ccc":"CC065","rcc":"11","lzn":0.69,"red":"Terciaria"},"geometry":{"type":"LineString","coordinates":[[-62.7094879555363,-32.4141121060625],[-62.7023082019809,-32.4153864996802]]}},{"type":"Feature","properties":{"id":"48317","fna":"Camino Provincial T065-09","gna":"Camino Provincial","rtn":"T065-09","fun":"6","rst":"No pavimentado","hct":"Camino Terciario","ccn":"C.C. 065 - CINTRA","ccc":"CC065","rcc":"11","lzn":1.88,"red":"Terciaria"},"geometry":{"type":"LineString","coordinates":[[-62.7290267108879,-32.4105838443499],[-62.7288651779999,-32.410661618632],[-62.728761696,-32.4106837043321],[-62.7273190455,-32.4109333212324],[-62.7182745293,-32.4125422749349],[-62.7107889077,-32.4138811416369],[-62.7094879555363,-32.4141121060625]]}},{"type":"Feature","properties":{"id":"48322","fna":"Camino Provincial T065-15","gna":"Camino Provincial","rtn":"T065-15","fun":"6","rst":"No pavimentado","hct":"Camino Terciario","ccn":"C.C. 065 - CINTRA","ccc":"CC065","rcc":"11","lzn":0.01,"red":"Terciaria"},"geometry":{"type":"LineString","coordinates":[[-62.7081216508077,-32.4389178935416],[-62.7080207540857,-32.4388836545265]]}},{"type":"Feature","properties":{"id":"48323","fna":"Camino Provincial T065-15","gna":"Camino Provincial","rtn":"T065-15","fun":"6","rst":"No pavimentado","hct":"Camino Terciario","ccn":"C.C. 065 - CINTRA","ccc":"CC065","rcc":"11","lzn":2.6,"red":"Terciaria"},"geometry":{"type":"LineString","coordinates":[[-62.7356931912,-32.4375406850727],[-62.7331965763,-32.4376839438729],[-62.7272550884,-32.4380011133734],[-62.7222964589,-32.4382769052738],[-62.71768599,-32.4385238214742],[-62.7114054549,-32.4388602545747],[-62.7085182184,-32.439015218275],[-62.7083948929,-32.4390032040749],[-62.7082804924,-32.4389800892749],[-62.7081487474,-32.4389270886748],[-62.7081216508077,-32.4389178935416]]}},{"type":"Feature","properties":{"id":"48457","fna":"Camino Provincial T065-08","gna":"Camino Provincial","rtn":"T065-08","fun":"6","rst":"No pavimentado","hct":"Camino Terciario","ccn":"C.C. 065 - CINTRA","ccc":"CC065","rcc":"11","lzn":2.322,"red":"Terciaria"},"geometry":{"type":"LineString","coordinates":[[-62.759598714952,-32.420889509898],[-62.7603702057,-32.4239848640522],[-62.760676074,-32.4252117137541],[-62.7612162851,-32.4274404051574],[-62.7619494415,-32.4303891045619],[-62.7630339283,-32.4347879897686],[-62.7642470284,-32.439688619176],[-62.7645969351,-32.4411248726781],[-62.7646042416,-32.4412243035783],[-62.7645907992,-32.4412987271784],[-62.7645646236,-32.4413836970786]]}},{"type":"Feature","properties":{"id":"48458","fna":"Camino Provincial T065-08","gna":"Camino Provincial","rtn":"T065-08","fun":"6","rst":"No pavimentado","hct":"Camino Terciario","ccn":"C.C. 065 - CINTRA","ccc":"CC065","rcc":"11","lzn":1.59,"red":"Terciaria"},"geometry":{"type":"LineString","coordinates":[[-62.7561415214198,-32.4068547161379],[-62.7587238729,-32.4173792326422],[-62.759598714952,-32.420889509898]]}},{"type":"Feature","properties":{"id":"48876","fna":"Camino Provincial S331","gna":"Camino Provincial","rtn":"S331","fun":"6","rst":"No pavimentado","hct":"Provincial Secundaria","ccn":"C.C. 269 - SAN MARCOS SUD","ccc":"CC269","rcc":"19","lzn":1.9,"red":"Secundaria"},"geometry":{"type":"LineString","coordinates":[[-62.4840534897199,-32.6383570125341],[-62.4848833662999,-32.6415303512802],[-62.4853181856,-32.6429422867823],[-62.4862966036999,-32.6464603409876],[-62.4868256965,-32.6485653451908],[-62.4884411784966,-32.6550777882509]]}},{"type":"Feature","properties":{"id":"49152","fna":"Camino Provincial T269-07","gna":"Camino Provincial","rtn":"T269-07","fun":"6","rst":"No pavimentado","hct":"Camino Terciario","ccn":"C.C. 269 - SAN MARCOS SUD","ccc":"CC269","rcc":"19","lzn":1.43,"red":"Terciaria"},"geometry":{"type":"LineString","coordinates":[[-62.4150616015042,-32.6319439663051],[-62.4169897293,-32.6396266424774],[-62.4177096657,-32.6423539090815],[-62.4178583412,-32.6429549618824],[-62.4178982918,-32.6430970346826],[-62.4178322796,-32.6432606050828],[-62.4176967212,-32.643353162983],[-62.4172885403999,-32.6434282190831],[-62.4170755904,-32.6434659728831],[-62.4168587193999,-32.6435339316832],[-62.4167477395,-32.6436761502834],[-62.4167874032615,-32.6439369325581]]}},{"type":"Feature","properties":{"id":"49572","fna":"Camino Provincial T132-03","gna":"Camino Provincial","rtn":"T132-03","fun":"6","rst":"No pavimentado","hct":"Camino Terciario","ccn":"C.C. 132 - NOETINGER","ccc":"CC132","rcc":"19","lzn":4.441,"red":"Terciaria"},"geometry":{"type":"LineString","coordinates":[[-62.3521391993085,-32.4841081735797],[-62.3058685295258,-32.4922026155943]]}},{"type":"Feature","properties":{"id":"49573","fna":"Camino Provincial T132-03","gna":"Camino Provincial","rtn":"T132-03","fun":"6","rst":"No pavimentado","hct":"Camino Terciario","ccn":"C.C. 132 - NOETINGER","ccc":"CC132","rcc":"19","lzn":1.22,"red":"Terciaria"},"geometry":{"type":"LineString","coordinates":[[-62.3648491570793,-32.4818802627046],[-62.3638097880999,-32.4820636321401],[-62.3521391993085,-32.4841081735797]]}},{"type":"Feature","properties":{"id":"51357","fna":"Camino Provincial T027-59","gna":"Camino Provincial","rtn":"T027-59","fun":"6","rst":"No pavimentado","hct":"Camino Terciario","ccn":"C.C. 027 - LEONES","ccc":"CC027","rcc":"19","lzn":1.111,"red":"Terciaria"},"geometry":{"type":"LineString","coordinates":[[-62.3566876118489,-32.5020195270705],[-62.3682656601,-32.4999972438671]]}},{"type":"Feature","properties":{"id":"51358","fna":"Camino Provincial T027-59","gna":"Camino Provincial","rtn":"T027-59","fun":"6","rst":"No pavimentado","hct":"Camino Terciario","ccn":"C.C. 027 - LEONES","ccc":"CC027","rcc":"19","lzn":1.03,"red":"Terciaria"},"geometry":{"type":"LineString","coordinates":[[-62.3587956508425,-32.5110676629344],[-62.356638746,-32.5022049582705],[-62.3566164225999,-32.5020886232703],[-62.3566132356,-32.5020325142702],[-62.3566876118489,-32.5020195270705]]}},{"type":"Feature","properties":{"id":"51359","fna":"Camino Provincial T027-59","gna":"Camino Provincial","rtn":"T027-59","fun":"6","rst":"No pavimentado","hct":"Camino Terciario","ccn":"C.C. 027 - LEONES","ccc":"CC027","rcc":"19","lzn":3.05,"red":"Terciaria"},"geometry":{"type":"LineString","coordinates":[[-62.3653533671501,-32.5380026832849],[-62.3587956508425,-32.5110676629344]]}},{"type":"Feature","properties":{"id":"51370","fna":"Camino Provincial T269-25","gna":"Camino Provincial","rtn":"T269-25","fun":"6","rst":"No pavimentado","hct":"Camino Terciario","ccn":"C.C. 269 - SAN MARCOS SUD","ccc":"CC269","rcc":"19","lzn":2.38,"red":"Terciaria"},"geometry":{"type":"LineString","coordinates":[[-62.4067458391577,-32.5036487451784],[-62.3901848257999,-32.5065657205771],[-62.3900583914999,-32.5065888680771],[-62.3899550858999,-32.5066277399772],[-62.3899064148999,-32.5067061557773],[-62.3899327989,-32.5067961018774],[-62.3899534649999,-32.5068736693775],[-62.3899389908999,-32.5069488366776],[-62.3898747144,-32.5070104462777],[-62.3897712176,-32.5070361177778],[-62.389640337,-32.5070531801778],[-62.3824871899,-32.5083108111797],[-62.382362218393,-32.5083351536133]]}},{"type":"Feature","properties":{"id":"51377","fna":"Camino Provincial T269-25","gna":"Camino Provincial","rtn":"T269-25","fun":"6","rst":"No pavimentado","hct":"Camino Terciario","ccn":"C.C. 269 - SAN MARCOS SUD","ccc":"CC269","rcc":"19","lzn":2.906,"red":"Terciaria"},"geometry":{"type":"LineString","coordinates":[[-62.382362218393,-32.5083351536133],[-62.3823321364,-32.5083410130797],[-62.3822665317999,-32.5084062734798],[-62.382280345,-32.50849539028],[-62.3823129781999,-32.5086023326802],[-62.3883742062999,-32.5336511158179],[-62.3884306995834,-32.533965270283]]}},{"type":"Feature","properties":{"id":"51475","fna":"Acceso A581","gna":"Acceso","rtn":"A581","fun":"6","rst":"Pavimento","hct":"Provincial Secundaria","ccn":"No aplica","ccc":"No aplica","rcc":"11","lzn":0.042,"red":"Secundaria"},"geometry":{"type":"LineString","coordinates":[[-62.681043943467,-32.5799127319669],[-62.6809786829532,-32.5799335502808],[-62.6806089957299,-32.579997103666]]}},{"type":"Feature","properties":{"id":"51564","fna":"Camino Provincial T027-01","gna":"Camino Provincial","rtn":"T027-01","fun":"6","rst":"No pavimentado","hct":"Camino Terciario","ccn":"C.C. 027 - LEONES","ccc":"CC027","rcc":"19","lzn":1.28,"red":"Terciaria"},"geometry":{"type":"LineString","coordinates":[[-62.3795494379646,-32.6027235853443],[-62.3794505071419,-32.6023214812929]]}},{"type":"Feature","properties":{"id":"51565","fna":"Camino Provincial T269-13","gna":"Camino Provincial","rtn":"T269-13","fun":"6","rst":"No pavimentado","hct":"Camino Terciario","ccn":"C.C. 269 - SAN MARCOS SUD","ccc":"CC269","rcc":"19","lzn":1.377,"red":"Terciaria"},"geometry":{"type":"LineString","coordinates":[[-62.4361876961526,-32.6034987616763],[-62.4363106942746,-32.6039908254842],[-62.4363621294123,-32.6041965942677],[-62.4364275744593,-32.6044584090222],[-62.4392238483766,-32.6156435622666]]}},{"type":"Feature","properties":{"id":"51566","fna":"Camino Provincial T269-13","gna":"Camino Provincial","rtn":"T269-13","fun":"6","rst":"No pavimentado","hct":"Camino Terciario","ccn":"C.C. 269 - SAN MARCOS SUD","ccc":"CC269","rcc":"19","lzn":1.227,"red":"Terciaria"},"geometry":{"type":"LineString","coordinates":[[-62.4334763131321,-32.5926716310283],[-62.4335310026,-32.5928894797071],[-62.4336050389999,-32.5931653962075],[-62.4361876961526,-32.6034987616763]]}},{"type":"Feature","properties":{"id":"52312","fna":"Acceso A143","gna":"Acceso","rtn":"A143","fun":"6","rst":"Pavimento","hct":"Provincial Secundaria","ccn":"No aplica","ccc":"No aplica","rcc":"11","lzn":0.605,"red":"Secundaria"},"geometry":{"type":"LineString","coordinates":[[-62.5871684780705,-32.6011862777413],[-62.5877755587175,-32.603584697158],[-62.5881650136365,-32.6051974972895],[-62.5884915226386,-32.6065263364546]]}},{"type":"Feature","properties":{"id":"52526","fna":"Camino Provincial S384","gna":"Camino Provincial","rtn":"S384","fun":"6","rst":"No pavimentado","hct":"Provincial Secundaria","ccn":"C.C. 391 - COLONIA GENERAL BUSTOS","ccc":"CC391","rcc":"11","lzn":2.047,"red":"Secundaria"},"geometry":{"type":"LineString","coordinates":[[-62.593415928884,-32.622890875855],[-62.5926519991,-32.6225881481518],[-62.5925380804,-32.6224490673516],[-62.5924687119,-32.6222988212513],[-62.5916471972413,-32.6190376090625]]}},{"type":"Feature","properties":{"id":"52555","fna":"Camino Provincial T391-04","gna":"Camino Provincial","rtn":"T391-04","fun":"6","rst":"No pavimentado","hct":"Camino Terciario","ccn":"C.C. 391 - COLONIA GENERAL BUSTOS","ccc":"CC391","rcc":"11","lzn":2.672,"red":"Terciaria"},"geometry":{"type":"LineString","coordinates":[[-62.5631035775463,-32.6177675243188],[-62.5620433094,-32.6179566346448],[-62.5547252319,-32.6192675318468],[-62.5497181083,-32.6201868832482],[-62.5496504164,-32.6201970712482],[-62.5495914964,-32.6201753003482],[-62.5495664044999,-32.6201502144481],[-62.5495340889,-32.6200041054479],[-62.5495096452,-32.6199149805478],[-62.5494763574,-32.6198649298477],[-62.5494133218,-32.6198324553476],[-62.5493373620999,-32.6198247939476],[-62.5492188385,-32.6198488484477],[-62.5420595392,-32.6211237851496],[-62.5355335276509,-32.6222916390682]]}},{"type":"Feature","properties":{"id":"52561","fna":"Camino Provincial T391-04","gna":"Camino Provincial","rtn":"T391-04","fun":"6","rst":"No pavimentado","hct":"Camino Terciario","ccn":"C.C. 391 - COLONIA GENERAL BUSTOS","ccc":"CC391","rcc":"11","lzn":1.95,"red":"Terciaria"},"geometry":{"type":"LineString","coordinates":[[-62.5834347732423,-32.6141422790219],[-62.5826208101,-32.6142808861393],[-62.580527187,-32.6146662082399],[-62.5747269539,-32.6157024548414],[-62.5682561245,-32.6168483725432],[-62.5631035775463,-32.6177675243188]]}},{"type":"Feature","properties":{"id":"52583","fna":"Camino Provincial T391-09","gna":"Camino Provincial","rtn":"T391-09","fun":"6","rst":"No pavimentado","hct":"Camino Terciario","ccn":"C.C. 391 - COLONIA GENERAL BUSTOS","ccc":"CC391","rcc":"11","lzn":1.902,"red":"Terciaria"},"geometry":{"type":"LineString","coordinates":[[-62.5240664441562,-32.5764693671455],[-62.5226007393,-32.5767305934828],[-62.5212870647999,-32.5769618572832],[-62.5162509331,-32.5778632187845],[-62.5122859571,-32.5785643080856],[-62.5066854420999,-32.5795821164871],[-62.5042405612,-32.5799968093878]]}},{"type":"Feature","properties":{"id":"52584","fna":"Camino Provincial T391-17","gna":"Camino Provincial","rtn":"T391-17","fun":"6","rst":"No pavimentado","hct":"Camino Terciario","ccn":"C.C. 391 - COLONIA GENERAL BUSTOS","ccc":"CC391","rcc":"11","lzn":0.328,"red":"Terciaria"},"geometry":{"type":"LineString","coordinates":[[-62.5325718864302,-32.5268128861654],[-62.5333631391429,-32.5296963467886]]}},{"type":"Feature","properties":{"id":"52585","fna":"Camino Provincial T391-17","gna":"Camino Provincial","rtn":"T391-17","fun":"6","rst":"No pavimentado","hct":"Camino Terciario","ccn":"C.C. 391 - COLONIA GENERAL BUSTOS","ccc":"CC391","rcc":"11","lzn":1.3,"red":"Terciaria"},"geometry":{"type":"LineString","coordinates":[[-62.5294214223272,-32.5153983990883],[-62.5302213582,-32.5183087351948],[-62.532506275,-32.5265737785073],[-62.5325718864302,-32.5268128861654]]}},{"type":"Feature","properties":{"id":"52611","fna":"Camino Provincial T391-12","gna":"Camino Provincial","rtn":"T391-12","fun":"6","rst":"No pavimentado","hct":"Camino Terciario","ccn":"C.C. 391 - COLONIA GENERAL BUSTOS","ccc":"CC391","rcc":"11","lzn":2.59,"red":"Terciaria"},"geometry":{"type":"LineString","coordinates":[[-62.5428786279717,-32.5127414896168],[-62.5430936429,-32.5127136997864],[-62.5507654157,-32.511205082184],[-62.5553660523,-32.5102917397827],[-62.5561946886999,-32.5101251690824],[-62.5562585520999,-32.5101353608825],[-62.5562992039,-32.5101405094824],[-62.556339647,-32.5101701699825],[-62.5563741932,-32.5102095999826],[-62.5564086144,-32.5102637370827],[-62.5564593491,-32.5104503436829],[-62.5579621192,-32.5158885368911],[-62.5595184330871,-32.5214844765358]]}},{"type":"Feature","properties":{"id":"52612","fna":"Camino Provincial T065-15","gna":"Camino Provincial","rtn":"T065-15","fun":"6","rst":"No pavimentado","hct":"Camino Terciario","ccn":"C.C. 065 - CINTRA","ccc":"CC065","rcc":"11","lzn":3.055,"red":"Terciaria"},"geometry":{"type":"LineString","coordinates":[[-62.7290267108879,-32.4105838443499],[-62.7290598401,-32.4107462183321],[-62.7291029941,-32.4108432483323],[-62.7291373342,-32.4109402188324],[-62.7294002527,-32.4120321662341],[-62.7301731217,-32.4151277947388],[-62.7316385207,-32.4210998951478],[-62.7328515496,-32.4260148221553],[-62.7338456866,-32.4300451858614],[-62.7349525395,-32.4345235923681],[-62.7356931912,-32.4375406850727]]}},{"type":"Feature","properties":{"id":"52615","fna":"Camino Provincial T391-05","gna":"Camino Provincial","rtn":"T391-05","fun":"6","rst":"No pavimentado","hct":"Camino Terciario","ccn":"C.C. 391 - COLONIA GENERAL BUSTOS","ccc":"CC391","rcc":"11","lzn":4.924,"red":"Terciaria"},"geometry":{"type":"LineString","coordinates":[[-62.5354842767918,-32.528901362924],[-62.5355784524,-32.5291126911111],[-62.5356777422,-32.5294287989116],[-62.5362762837999,-32.5317843535151],[-62.5372356029,-32.535683460921],[-62.5382937542,-32.5399533428274],[-62.5395934022,-32.5451848596353],[-62.5409532535,-32.5505447710434],[-62.5414059788,-32.5524831879463],[-62.5414383104,-32.5526784172466],[-62.5414636879,-32.5528908123469],[-62.5415095307,-32.5530975976472],[-62.541582594,-32.5533045510476],[-62.5418258756,-32.554286945949],[-62.5428390444999,-32.5583154937551],[-62.5444291869,-32.5645558071645],[-62.5462461079,-32.5715949868751],[-62.5464237331,-32.572221265676],[-62.5464597775864,-32.5723076056406]]}},{"type":"Feature","properties":{"id":"52616","fna":"Camino Provincial T135-13","gna":"Camino Provincial","rtn":"T135-13","fun":"6","rst":"No pavimentado","hct":"Camino Terciario","ccn":"C.C. 135 - BELL VILLE","ccc":"CC135","rcc":"11","lzn":2.192,"red":"Terciaria"},"geometry":{"type":"LineString","coordinates":[[-62.6299420878505,-32.5591719712701],[-62.6299533349,-32.5591780323564],[-62.6299978284,-32.5592307265565],[-62.6300361581,-32.5593261651566],[-62.6301273643,-32.5597121369572],[-62.6311562591,-32.5638376295634],[-62.6311835404,-32.5639139507635],[-62.6312178521,-32.5639872350636],[-62.63126272,-32.5640756288638],[-62.6312954019,-32.5641357554639],[-62.63134858,-32.564227741464],[-62.6313851812,-32.5643090233641],[-62.6314133008,-32.5644007924643],[-62.6315129509,-32.5647923998648],[-62.6320584557,-32.5669951133682],[-62.6321051444,-32.5672771344686],[-62.632565507,-32.5692155699715],[-62.6327407956,-32.5699140882726],[-62.634142718,-32.575504671181],[-62.6348627959,-32.5783667218853],[-62.6348890914573,-32.5784707073663]]}},{"type":"Feature","properties":{"id":"52617","fna":"Camino Provincial T135-13","gna":"Camino Provincial","rtn":"T135-13","fun":"6","rst":"No pavimentado","hct":"Camino Terciario","ccn":"C.C. 135 - BELL VILLE","ccc":"CC135","rcc":"11","lzn":1.959,"red":"Terciaria"},"geometry":{"type":"LineString","coordinates":[[-62.6092988373187,-32.5611648338686],[-62.611795688,-32.5607349160587],[-62.6152328405,-32.5601482807578],[-62.6171004786,-32.5598218372574],[-62.6172881488,-32.5597945366573],[-62.6175162411,-32.5597807477573],[-62.618596972,-32.5597454829573],[-62.6214471706,-32.5596546295571],[-62.6215221604,-32.5596500216571],[-62.6216097348,-32.5596376291571],[-62.6216944138,-32.559606790757],[-62.6217916773,-32.559568167757],[-62.6218919981,-32.559534834257],[-62.621970304,-32.5595144660569],[-62.6220797641,-32.5594996326569],[-62.6223611551,-32.5594678793568],[-62.6228313487,-32.5594430367568],[-62.6298353866,-32.5591342119563],[-62.6299084934,-32.5591538670564],[-62.6299420878505,-32.5591719712701]]}},{"type":"Feature","properties":{"id":"52618","fna":"Camino Provincial T135-09","gna":"Camino Provincial","rtn":"T135-09","fun":"6","rst":"No pavimentado","hct":"Camino Terciario","ccn":"C.C. 135 - BELL VILLE","ccc":"CC135","rcc":"11","lzn":0.673,"red":"Terciaria"},"geometry":{"type":"LineString","coordinates":[[-62.6638965120094,-32.5708275000548],[-62.6626715115,-32.5711541029744],[-62.6626578026,-32.5711597302744],[-62.6570509767022,-32.5726222868719]]}},{"type":"Feature","properties":{"id":"52619","fna":"Camino Provincial T135-09","gna":"Camino Provincial","rtn":"T135-09","fun":"6","rst":"No pavimentado","hct":"Camino Terciario","ccn":"C.C. 135 - BELL VILLE","ccc":"CC135","rcc":"11","lzn":1.33,"red":"Terciaria"},"geometry":{"type":"LineString","coordinates":[[-62.6776698340477,-32.5684111759372],[-62.6749676418,-32.5689563064711],[-62.6725876408,-32.5694948591719],[-62.6724989277,-32.5694998380719],[-62.6723830097,-32.5694988344719],[-62.672267442,-32.5694690987719],[-62.6721315584,-32.5694276929718],[-62.6718999322,-32.5694084455718],[-62.6715249018,-32.5694051960718],[-62.6710883605,-32.5694129060718],[-62.670526305,-32.5694482620719],[-62.6700825263,-32.5694903879719],[-62.6696113997,-32.569538022072],[-62.6692630789,-32.5695809739721],[-62.668833264,-32.5696429753721],[-62.6684027704,-32.5697139452723],[-62.667965245,-32.5698020935724],[-62.6675755891,-32.5698791626725],[-62.6671789709,-32.5699676641727],[-62.666802806,-32.5700563426728],[-62.6663866975999,-32.5701635361729],[-62.6638965120094,-32.5708275000548]]}},{"type":"Feature","properties":{"id":"52622","fna":"Camino Provincial T391-12","gna":"Camino Provincial","rtn":"T391-12","fun":"6","rst":"No pavimentado","hct":"Camino Terciario","ccn":"C.C. 391 - COLONIA GENERAL BUSTOS","ccc":"CC391","rcc":"11","lzn":1.551,"red":"Terciaria"},"geometry":{"type":"LineString","coordinates":[[-62.5595184330871,-32.5214844765358],[-62.5609629511,-32.5266778107074],[-62.5633011901336,-32.5350946028932]]}},{"type":"Feature","properties":{"id":"52623","fna":"Camino Provincial T391-11","gna":"Camino Provincial","rtn":"T391-11","fun":"6","rst":"No pavimentado","hct":"Camino Terciario","ccn":"C.C. 391 - COLONIA GENERAL BUSTOS","ccc":"CC391","rcc":"11","lzn":1.505,"red":"Terciaria"},"geometry":{"type":"LineString","coordinates":[[-62.550661049581,-32.5329983559622],[-62.5503701756,-32.5329496844169],[-62.5458545665,-32.5321947115157],[-62.5434690117999,-32.5317958769151],[-62.5433125595,-32.5317638230151],[-62.5431009953,-32.531708111315],[-62.5408804429,-32.5308927048138],[-62.5366922416,-32.5293583506115],[-62.5354842767918,-32.528901362924]]}},{"type":"Feature","properties":{"id":"52624","fna":"Camino Provincial T391-11","gna":"Camino Provincial","rtn":"T391-11","fun":"6","rst":"No pavimentado","hct":"Camino Terciario","ccn":"C.C. 391 - COLONIA GENERAL BUSTOS","ccc":"CC391","rcc":"11","lzn":1.21,"red":"Terciaria"},"geometry":{"type":"LineString","coordinates":[[-62.5633011901336,-32.5350946028932],[-62.5606265189,-32.5346529076195],[-62.5561174479,-32.5339112334183],[-62.550661049581,-32.5329983559622]]}},{"type":"Feature","properties":{"id":"52630","fna":"Camino Provincial T135-08","gna":"Camino Provincial","rtn":"T135-08","fun":"6","rst":"No pavimentado","hct":"Camino Terciario","ccn":"C.C. 135 - BELL VILLE","ccc":"CC135","rcc":"11","lzn":2.227,"red":"Terciaria"},"geometry":{"type":"LineString","coordinates":[[-62.6858812085053,-32.5454034576439],[-62.6882020009,-32.5546511574496],[-62.6907625417,-32.5649640736651],[-62.6907819438702,-32.5650549033899]]}},{"type":"Feature","properties":{"id":"52631","fna":"Camino Provincial T135-11","gna":"Camino Provincial","rtn":"T135-11","fun":"6","rst":"No pavimentado","hct":"Camino Terciario","ccn":"C.C. 135 - BELL VILLE","ccc":"CC135","rcc":"11","lzn":4.273,"red":"Terciaria"},"geometry":{"type":"LineString","coordinates":[[-62.6458781429757,-32.5364288259143],[-62.6464917256,-32.5389677309259],[-62.6474854368,-32.5430549994321],[-62.6475024909,-32.5431066044322],[-62.6475370314,-32.5431546275323],[-62.647575994,-32.5431953166323],[-62.6476368075,-32.5432324480324],[-62.6477283448,-32.5432476747324],[-62.6495989397,-32.5434906018328],[-62.6496685692,-32.5435167432328],[-62.6497249619,-32.5435612077329],[-62.6497463817,-32.543612836633],[-62.6497887044,-32.5437823187332],[-62.651575394,-32.550966239944],[-62.6526929063,-32.5556748184511],[-62.6541244452,-32.5614135115598],[-62.6549112438,-32.5646615921647],[-62.655825073,-32.5683966633703],[-62.655883188,-32.5686027285706],[-62.6559343508,-32.5687612192708],[-62.6560374459,-32.5689788643711],[-62.656175524,-32.5691893435715],[-62.6562270294,-32.5693036851716],[-62.656681875,-32.5711332904744],[-62.6570509767022,-32.5726222868719]]}},{"type":"Feature","properties":{"id":"52632","fna":"Camino Provincial T135-08","gna":"Camino Provincial","rtn":"T135-08","fun":"6","rst":"No pavimentado","hct":"Camino Terciario","ccn":"C.C. 135 - BELL VILLE","ccc":"CC135","rcc":"11","lzn":1.96,"red":"Terciaria"},"geometry":{"type":"LineString","coordinates":[[-62.6816716737806,-32.5280929717253],[-62.6823185353,-32.5307429682135],[-62.6853930889,-32.5434581951327],[-62.6858812085053,-32.5454034576439]]}},{"type":"Feature","properties":{"id":"52636","fna":"Camino Provincial T135-11","gna":"Camino Provincial","rtn":"T135-11","fun":"6","rst":"No pavimentado","hct":"Camino Terciario","ccn":"C.C. 135 - BELL VILLE","ccc":"CC135","rcc":"11","lzn":3.03,"red":"Terciaria"},"geometry":{"type":"LineString","coordinates":[[-62.6290740850999,-32.5187278220952],[-62.6314875787,-32.5190506516959],[-62.6370675104,-32.5198182339971],[-62.6418261354,-32.5204843165981],[-62.6418914396,-32.5205030795981],[-62.6419392907,-32.5205217446981],[-62.6419957522,-32.5205551751982],[-62.6420389206,-32.5206142860983],[-62.6420685636,-32.5207285104984],[-62.6431184004,-32.525068200905],[-62.6441062034,-32.5291385273111],[-62.6453804451,-32.534369327419],[-62.6458781429757,-32.5364288259143]]}},{"type":"Feature","properties":{"id":"52639","fna":"Camino Provincial T391-07","gna":"Camino Provincial","rtn":"T391-07","fun":"6","rst":"No pavimentado","hct":"Camino Terciario","ccn":"C.C. 391 - COLONIA GENERAL BUSTOS","ccc":"CC391","rcc":"11","lzn":0.715,"red":"Terciaria"},"geometry":{"type":"LineString","coordinates":[[-62.6052917807,-32.5858077526965],[-62.6051521414,-32.5858224916965],[-62.6049792334,-32.5858546610966],[-62.6022404412,-32.5863473658973],[-62.598529166,-32.5870263967983],[-62.5978423250357,-32.5871494716523]]}},{"type":"Feature","properties":{"id":"52640","fna":"Camino Provincial T391-07","gna":"Camino Provincial","rtn":"T391-07","fun":"6","rst":"No pavimentado","hct":"Camino Terciario","ccn":"C.C. 391 - COLONIA GENERAL BUSTOS","ccc":"CC391","rcc":"11","lzn":0.596,"red":"Terciaria"},"geometry":{"type":"LineString","coordinates":[[-62.6116002869,-32.5855438734961],[-62.6113653773,-32.5855737704961],[-62.6111492054,-32.5856252012962],[-62.6107680431,-32.5856911447963],[-62.6103298376,-32.5857565651964],[-62.6098609375,-32.5858122694965],[-62.6093405541,-32.5858609128966],[-62.608801363,-32.5858933595966],[-62.6082178055,-32.5859253974967],[-62.6075774796,-32.5859355491967],[-62.6071021400999,-32.5859311891966],[-62.6066723102,-32.5859058821966],[-62.6061657731,-32.5858638472966],[-62.6056591657,-32.5858271501965],[-62.6053931857,-32.5858086843965],[-62.6052917807,-32.5858077526965]]}},{"type":"Feature","properties":{"id":"52641","fna":"Camino Provincial T391-07","gna":"Camino Provincial","rtn":"T391-07","fun":"6","rst":"No pavimentado","hct":"Camino Terciario","ccn":"C.C. 391 - COLONIA GENERAL BUSTOS","ccc":"CC391","rcc":"11","lzn":1.217,"red":"Terciaria"},"geometry":{"type":"LineString","coordinates":[[-62.6143032961651,-32.5962739111581],[-62.6139972859,-32.5951104746105],[-62.6130471789,-32.5913257972048],[-62.6128233806,-32.5904906018035],[-62.6122861404,-32.5883993668004],[-62.6116002869,-32.5855438734961]]}},{"type":"Feature","properties":{"id":"52652","fna":"Camino Provincial T391-04","gna":"Camino Provincial","rtn":"T391-04","fun":"6","rst":"No pavimentado","hct":"Camino Terciario","ccn":"C.C. 391 - COLONIA GENERAL BUSTOS","ccc":"CC391","rcc":"11","lzn":0.614,"red":"Terciaria"},"geometry":{"type":"LineString","coordinates":[[-62.6036012882372,-32.6100834497207],[-62.5996961823,-32.610781890134],[-62.5972006235147,-32.6112307584254]]}},{"type":"Feature","properties":{"id":"52653","fna":"Camino Provincial T391-04","gna":"Camino Provincial","rtn":"T391-04","fun":"6","rst":"No pavimentado","hct":"Camino Terciario","ccn":"C.C. 391 - COLONIA GENERAL BUSTOS","ccc":"CC391","rcc":"11","lzn":1.3,"red":"Terciaria"},"geometry":{"type":"LineString","coordinates":[[-62.6171501845608,-32.6076536941104],[-62.6147205957,-32.60809378283],[-62.6091694071,-32.6090818347315],[-62.6042280027,-32.6099713475328],[-62.6036012882372,-32.6100834497207]]}},{"type":"Feature","properties":{"id":"52689","fna":"Camino Provincial T269-05","gna":"Camino Provincial","rtn":"T269-05","fun":"6","rst":"No pavimentado","hct":"Camino Terciario","ccn":"C.C. 269 - SAN MARCOS SUD","ccc":"CC269","rcc":"19","lzn":2.037,"red":"Terciaria"},"geometry":{"type":"LineString","coordinates":[[-62.4578167763301,-32.5229488071929],[-62.4536002213,-32.5054764829754],[-62.4535319960999,-32.505179954075],[-62.4534976023,-32.5050334279747],[-62.4534653820999,-32.5049526931746]]}},{"type":"Feature","properties":{"id":"52688","fna":"Camino Provincial T269-05","gna":"Camino Provincial","rtn":"T269-05","fun":"6","rst":"No pavimentado","hct":"Camino Terciario","ccn":"C.C. 269 - SAN MARCOS SUD","ccc":"CC269","rcc":"19","lzn":2.351,"red":"Terciaria"},"geometry":{"type":"LineString","coordinates":[[-62.4534653820999,-32.5049526931746],[-62.4552562869,-32.5046622222742],[-62.4779805519127,-32.5007192107771]]}},{"type":"Feature","properties":{"id":"52709","fna":"Camino Provincial T269-01","gna":"Camino Provincial","rtn":"T269-01","fun":"6","rst":"No pavimentado","hct":"Camino Terciario","ccn":"C.C. 269 - SAN MARCOS SUD","ccc":"CC269","rcc":"19","lzn":1.423,"red":"Terciaria"},"geometry":{"type":"LineString","coordinates":[[-62.486538578533,-32.5365323704845],[-62.4835322468693,-32.5239547418199]]}},{"type":"Feature","properties":{"id":"52710","fna":"Camino Provincial T269-01","gna":"Camino Provincial","rtn":"T269-01","fun":"6","rst":"No pavimentado","hct":"Camino Terciario","ccn":"C.C. 269 - SAN MARCOS SUD","ccc":"CC269","rcc":"19","lzn":1.73,"red":"Terciaria"},"geometry":{"type":"LineString","coordinates":[[-62.4901700795801,-32.5518251486131],[-62.490118788,-32.5515063795448],[-62.486538578533,-32.5365323704845]]}},{"type":"Feature","properties":{"id":"53054","fna":"Camino Provincial S331","gna":"Camino Provincial","rtn":"S331","fun":"6","rst":"No pavimentado","hct":"Provincial Secundaria","ccn":"C.C. 269 - SAN MARCOS SUD","ccc":"CC269","rcc":"19","lzn":2.756,"red":"Secundaria"},"geometry":{"type":"LineString","coordinates":[[-62.455962551914,-32.560808178985],[-62.4546805454,-32.555627674151],[-62.4499943919886,-32.5364739642024]]}},{"type":"Feature","properties":{"id":"53055","fna":"Camino Provincial S331","gna":"Camino Provincial","rtn":"S331","fun":"6","rst":"No pavimentado","hct":"Provincial Secundaria","ccn":"C.C. 269 - SAN MARCOS SUD","ccc":"CC269","rcc":"19","lzn":1.02,"red":"Secundaria"},"geometry":{"type":"LineString","coordinates":[[-62.4581905682092,-32.5698100345303],[-62.455962551914,-32.560808178985]]}},{"type":"Feature","properties":{"id":"53213","fna":"Camino Provincial T269-12","gna":"Camino Provincial","rtn":"T269-12","fun":"6","rst":"No pavimentado","hct":"Camino Terciario","ccn":"C.C. 269 - SAN MARCOS SUD","ccc":"CC269","rcc":"19","lzn":7.675,"red":"Terciaria"},"geometry":{"type":"LineString","coordinates":[[-62.4910463796703,-32.6306872701497],[-62.5163833572,-32.6261455052571],[-62.5165254758,-32.6261454964571],[-62.5165830127,-32.6262263355572],[-62.5166365485,-32.6264104487575],[-62.5244373507,-32.6576089871043],[-62.5245150061,-32.6579293218048],[-62.5245713544999,-32.6581404357052],[-62.5246017925,-32.6582788222054],[-62.5247538883,-32.6584064477055],[-62.5249062479,-32.6585014898057],[-62.5250632297999,-32.6585893971058],[-62.5252119682,-32.658695853506],[-62.5252826291,-32.6588246004062],[-62.5253702229,-32.6590707202065],[-62.5254132360076,-32.6592799214979]]}},{"type":"Feature","properties":{"id":"53263","fna":"Camino Provincial T269-05","gna":"Camino Provincial","rtn":"T269-05","fun":"6","rst":"No pavimentado","hct":"Camino Terciario","ccn":"C.C. 269 - SAN MARCOS SUD","ccc":"CC269","rcc":"19","lzn":0.723,"red":"Terciaria"},"geometry":{"type":"LineString","coordinates":[[-62.4621991855179,-32.5409163712749],[-62.4606418139614,-32.5345320762608]]}},{"type":"Feature","properties":{"id":"53264","fna":"Camino Provincial T269-05","gna":"Camino Provincial","rtn":"T269-05","fun":"6","rst":"No pavimentado","hct":"Camino Terciario","ccn":"C.C. 269 - SAN MARCOS SUD","ccc":"CC269","rcc":"19","lzn":3.54,"red":"Terciaria"},"geometry":{"type":"LineString","coordinates":[[-62.4714580299321,-32.5702183636739],[-62.4712371208999,-32.570239533373],[-62.4705977286999,-32.5703392870732],[-62.4700405373,-32.5704397718733],[-62.4698141260999,-32.5704887936734],[-62.4696702399,-32.5705129902735],[-62.4695480511,-32.5705083769735],[-62.4694506976,-32.5704549229734],[-62.4693996548,-32.5703856977733],[-62.4693679746999,-32.5702925160731],[-62.4621991855179,-32.5409163712749]]}},{"type":"Feature","properties":{"id":"53271","fna":"Camino Provincial T391-05","gna":"Camino Provincial","rtn":"T391-05","fun":"6","rst":"No pavimentado","hct":"Camino Terciario","ccn":"C.C. 391 - COLONIA GENERAL BUSTOS","ccc":"CC391","rcc":"11","lzn":2.533,"red":"Terciaria"},"geometry":{"type":"LineString","coordinates":[[-62.5270871657999,-32.5885570262006],[-62.5278371129,-32.5916097157052],[-62.5285785367,-32.5945417197096],[-62.5296264023,-32.5986551323158],[-62.5306613905,-32.602808587522],[-62.5318817725999,-32.6076801876294],[-62.5324116736999,-32.6098855428327],[-62.5326072708,-32.6105642631337],[-62.5326955432758,-32.6108997614919]]}},{"type":"Feature","properties":{"id":"53272","fna":"Camino Provincial T391-05","gna":"Camino Provincial","rtn":"T391-05","fun":"6","rst":"No pavimentado","hct":"Camino Terciario","ccn":"C.C. 391 - COLONIA GENERAL BUSTOS","ccc":"CC391","rcc":"11","lzn":0.123,"red":"Terciaria"},"geometry":{"type":"LineString","coordinates":[[-62.526814183,-32.587475189599],[-62.5268645298762,-32.5876747172941],[-62.5269305715886,-32.5879364432226],[-62.5269822630173,-32.5881412973425],[-62.5270483053973,-32.5884030231961],[-62.5270871657999,-32.5885570262006]]}},{"type":"Feature","properties":{"id":"53273","fna":"Camino Provincial T391-05","gna":"Camino Provincial","rtn":"T391-05","fun":"6","rst":"No pavimentado","hct":"Camino Terciario","ccn":"C.C. 391 - COLONIA GENERAL BUSTOS","ccc":"CC391","rcc":"11","lzn":1.248,"red":"Terciaria"},"geometry":{"type":"LineString","coordinates":[[-62.5240664441562,-32.5764693671455],[-62.5244398224,-32.5779986981848],[-62.5253371204,-32.5815875043901],[-62.5265724462,-32.5865625849976],[-62.526814183,-32.587475189599]]}},{"type":"Feature","properties":{"id":"53337","fna":"Camino Provincial T135-06","gna":"Camino Provincial","rtn":"T135-06","fun":"6","rst":"No pavimentado","hct":"Camino Terciario","ccn":"C.C. 135 - BELL VILLE","ccc":"CC135","rcc":"11","lzn":1.047,"red":"Terciaria"},"geometry":{"type":"LineString","coordinates":[[-62.7045907867324,-32.5280103314533],[-62.6968137811,-32.5288041951106],[-62.6954609399,-32.5289474779108],[-62.6953148217,-32.5289524396109],[-62.6951569527,-32.5289377615108],[-62.6944473966,-32.5288395741106],[-62.6941611125,-32.5287952574106],[-62.6940265539,-32.5287755394106],[-62.6939222754823,-32.528766775473],[-62.6935299054695,-32.5287751765821]]}},{"type":"Feature","properties":{"id":"53338","fna":"Camino Provincial T135-06","gna":"Camino Provincial","rtn":"T135-06","fun":"6","rst":"No pavimentado","hct":"Camino Terciario","ccn":"C.C. 135 - BELL VILLE","ccc":"CC135","rcc":"11","lzn":2.45,"red":"Terciaria"},"geometry":{"type":"LineString","coordinates":[[-62.7296605709815,-32.5256620748508],[-62.7295414646,-32.5256196089058],[-62.7293981564,-32.5256109029058],[-62.7280660867,-32.5255539374057],[-62.7235652483,-32.5253540314054],[-62.723446978,-32.5253591295054],[-62.7233170715,-32.5253793153055],[-62.7230872504,-32.5254296588055],[-62.7189227409,-32.5265862322073],[-62.7123020363,-32.52835892871],[-62.7098354201,-32.5290041670109],[-62.7097124405,-32.5290189964109],[-62.7096129622,-32.5290141196109],[-62.7094958961,-32.5289944725109],[-62.7092436309,-32.5289008064108],[-62.7068733054,-32.5278999928093],[-62.706732701,-32.5278653290092],[-62.7065918048,-32.5278455274092],[-62.7064036999,-32.5278406420092],[-62.7059100248,-32.5278756167092],[-62.7045907867324,-32.5280103314533]]}},{"type":"Feature","properties":{"id":"53522","fna":"Camino Provincial T135-07","gna":"Camino Provincial","rtn":"T135-07","fun":"6","rst":"No pavimentado","hct":"Camino Terciario","ccn":"C.C. 135 - BELL VILLE","ccc":"CC135","rcc":"11","lzn":0.229,"red":"Terciaria"},"geometry":{"type":"LineString","coordinates":[[-62.6776698340477,-32.5684111759372],[-62.6781469129,-32.5703171435732],[-62.6781764215,-32.5704337808733]]}},{"type":"Feature","properties":{"id":"53536","fna":"Camino Provincial T135-07","gna":"Camino Provincial","rtn":"T135-07","fun":"6","rst":"No pavimentado","hct":"Camino Terciario","ccn":"C.C. 135 - BELL VILLE","ccc":"CC135","rcc":"11","lzn":0.895,"red":"Terciaria"},"geometry":{"type":"LineString","coordinates":[[-62.677907147,-32.571504119275],[-62.6780039336,-32.571549092775],[-62.6781340432,-32.5715980432751],[-62.6783691912,-32.5716712527752],[-62.6784363819,-32.5717037177753],[-62.6784845704,-32.5717482860753],[-62.6785185292,-32.5718048813754],[-62.6785574382,-32.5718894979755],[-62.6785778473,-32.5720337909758],[-62.6787526186,-32.5727987877769],[-62.6803217060495,-32.5791007460274]]}},{"type":"Feature","properties":{"id":"53537","fna":"Camino Provincial T135-07","gna":"Camino Provincial","rtn":"T135-07","fun":"6","rst":"No pavimentado","hct":"Camino Terciario","ccn":"C.C. 135 - BELL VILLE","ccc":"CC135","rcc":"11","lzn":0.125,"red":"Terciaria"},"geometry":{"type":"LineString","coordinates":[[-62.6781764215,-32.5704337808733],[-62.6781868345,-32.5705457997735],[-62.6781971286,-32.5706492936737],[-62.6781924445691,-32.570673123845],[-62.6781668866631,-32.5707844063225],[-62.6781010425469,-32.570928332714],[-62.6780163248298,-32.5711135135223],[-62.6779019660693,-32.5713634840907],[-62.6778852513,-32.5713974048748],[-62.6778771459,-32.5714549356749],[-62.677907147,-32.571504119275]]}},{"type":"Feature","properties":{"id":"53563","fna":"Camino Provincial T135-13","gna":"Camino Provincial","rtn":"T135-13","fun":"6","rst":"No pavimentado","hct":"Camino Terciario","ccn":"C.C. 135 - BELL VILLE","ccc":"CC135","rcc":"11","lzn":1.39,"red":"Terciaria"},"geometry":{"type":"LineString","coordinates":[[-62.6353853438998,-32.5803777733696],[-62.6356343169,-32.5813838991898],[-62.6356615059,-32.5815531038901],[-62.6356684926,-32.5816658108903],[-62.6356542085,-32.5818100165905],[-62.6356138777,-32.5820349628908],[-62.6347020051,-32.5872640001987],[-62.6338164034,-32.5924057951064],[-62.6337954533829,-32.5927691665047]]}},{"type":"Feature","properties":{"id":"53564","fna":"Camino Provincial T135-13","gna":"Camino Provincial","rtn":"T135-13","fun":"6","rst":"No pavimentado","hct":"Camino Terciario","ccn":"C.C. 135 - BELL VILLE","ccc":"CC135","rcc":"11","lzn":0.1,"red":"Terciaria"},"geometry":{"type":"LineString","coordinates":[[-62.6351606797464,-32.5794941214219],[-62.6351735152,-32.5795573570871],[-62.6352367151,-32.5798571203875],[-62.6353770165,-32.5803441210882],[-62.6353853438998,-32.5803777733696]]}},{"type":"Feature","properties":{"id":"53565","fna":"Camino Provincial T135-13","gna":"Camino Provincial","rtn":"T135-13","fun":"6","rst":"No pavimentado","hct":"Camino Terciario","ccn":"C.C. 135 - BELL VILLE","ccc":"CC135","rcc":"11","lzn":0.116,"red":"Terciaria"},"geometry":{"type":"LineString","coordinates":[[-62.6348890914573,-32.5784707073663],[-62.6349930171871,-32.5788506382051],[-62.6350505375795,-32.5790538883047],[-62.6351362776903,-32.5793739010198],[-62.6351606797464,-32.5794941214219]]}},{"type":"Feature","properties":{"id":"54634","fna":"Camino Provincial T391-06","gna":"Camino Provincial","rtn":"T391-06","fun":"6","rst":"No pavimentado","hct":"Camino Terciario","ccn":"C.C. 391 - COLONIA GENERAL BUSTOS","ccc":"CC391","rcc":"11","lzn":2.551,"red":"Terciaria"},"geometry":{"type":"LineString","coordinates":[[-62.5544749344557,-32.5835259820681],[-62.5545096472,-32.5836607668933],[-62.5560625228,-32.5898658808026],[-62.5575208634,-32.5957160116114],[-62.5595894764999,-32.6040395152239],[-62.5600937946517,-32.606029174834]]}},{"type":"Feature","properties":{"id":"54635","fna":"Camino Provincial T269-06","gna":"Camino Provincial","rtn":"T269-06","fun":"6","rst":"No pavimentado","hct":"Camino Terciario","ccn":"C.C. 269 - SAN MARCOS SUD","ccc":"CC269","rcc":"19","lzn":1.032,"red":"Terciaria"},"geometry":{"type":"LineString","coordinates":[[-62.4417207946501,-32.56318049381],[-62.4438799881,-32.5721367620759],[-62.4439199766462,-32.5722999461766]]}},{"type":"Feature","properties":{"id":"54636","fna":"Camino Provincial T269-06","gna":"Camino Provincial","rtn":"T269-06","fun":"6","rst":"No pavimentado","hct":"Camino Terciario","ccn":"C.C. 269 - SAN MARCOS SUD","ccc":"CC269","rcc":"19","lzn":2.7,"red":"Terciaria"},"geometry":{"type":"LineString","coordinates":[[-62.4218757511678,-32.5573523691617],[-62.4389219584,-32.5543409530491],[-62.4391558852999,-32.5543114048491],[-62.4393621443999,-32.554268788649],[-62.4394942797,-32.5542852132491],[-62.439556415,-32.5543474889491],[-62.4396107605,-32.5544457737493],[-62.4396534501999,-32.5546128142495],[-62.4397077616,-32.5548288989499],[-62.4417207946501,-32.56318049381]]}},{"type":"Feature","properties":{"id":"54643","fna":"Camino Provincial T391-06","gna":"Camino Provincial","rtn":"T391-06","fun":"6","rst":"No pavimentado","hct":"Camino Terciario","ccn":"C.C. 391 - COLONIA GENERAL BUSTOS","ccc":"CC391","rcc":"11","lzn":0.102,"red":"Terciaria"},"geometry":{"type":"LineString","coordinates":[[-62.5542426703541,-32.5826241219743],[-62.5542679195637,-32.5827221632073],[-62.5543352786701,-32.5829837137058],[-62.5543874671848,-32.5831863568521],[-62.55445482697,-32.5834479072733],[-62.5544749344557,-32.5835259820681]]}},{"type":"Feature","properties":{"id":"54644","fna":"Camino Provincial T391-06","gna":"Camino Provincial","rtn":"T391-06","fun":"6","rst":"No pavimentado","hct":"Camino Terciario","ccn":"C.C. 391 - COLONIA GENERAL BUSTOS","ccc":"CC391","rcc":"11","lzn":1.271,"red":"Terciaria"},"geometry":{"type":"LineString","coordinates":[[-62.5513773487679,-32.5714320067373],[-62.5514622695,-32.571563425275],[-62.5515237042,-32.5718197301754],[-62.5522850603,-32.57482521438],[-62.5538428504,-32.5810716153893],[-62.5542426703541,-32.5826241219743]]}}]}
